No.,発行元,発行元Prefix,管理用ID,年,BOX/シリーズ,BOX/シリーズPrefix,Distribution,カード番号,選手名,チーム名,種別,パラレル/オート,Base / Inserts,シリアルNo.,枚数,状態,ステータス,購入日,購入価格,メモ
1,Topps,tp,tp_1999_S1_#222,1999,Topps Series 1,S1,"Hobby, Retail, Jumbo, Factory sets",#222,Bernie Williams,New York Yankees,,,League Leaders,,1,,所持中,2025-11-11,888円 / Set,メルカリで、うどんさんよりセット購入
2,Topps,tp,tp_1999_S1_#224,1999,Topps Series 1,S1,"Hobby, Retail, Jumbo, Factory sets",#224,Ken Griffey Jr.,Seattle Mariners,,,League Leaders,,1,,所持中,2025-11-11,888円 / Set,メルカリで、うどんさんよりセット購入
3,Topps,tp,tp_1999_S1_#225,1999,Topps Series 1,S1,"Hobby, Retail, Jumbo, Factory sets",#225,Sammy Sosa,Chicago Cubs,,,League Leaders,,1,,所持中,2025-11-11,888円 / Set,メルカリで、うどんさんよりセット購入
4,Topps,tp,tp_1999_S1_#226,1999,Topps Series 1,S1,"Hobby, Retail, Jumbo, Factory sets",#226,Juan Gonzalez,Texas Rangers,,,League Leaders,,1,,所持中,2025-11-11,888円 / Set,メルカリで、うどんさんよりセット購入
5,Topps,tp,tp_1999_S1_#227,1999,Topps Series 1,S1,"Hobby, Retail, Jumbo, Factory sets",#227,Dante Bichette,Colorado Rockies,,,League Leaders,,1,,所持中,2025-11-11,888円 / Set,メルカリで、うどんさんよりセット購入
6,Topps,tp,tp_1999_S1_#228,1999,Topps Series 1,S1,"Hobby, Retail, Jumbo, Factory sets",#228,Alex Rodriguez,Seattle Mariners,,,League Leaders,,1,,所持中,2025-11-11,888円 / Set,メルカリで、うどんさんよりセット購入
7,Topps,tp,tp_1999_S1_#229,1999,Topps Series 1,S1,"Hobby, Retail, Jumbo, Factory sets",#229,Sammy Sosa,Chicago Cubs,,,League Leaders,,1,,所持中,2025-11-11,888円 / Set,メルカリで、うどんさんよりセット購入
8,Topps,tp,tp_1999_S1_#230,1999,Topps Series 1,S1,"Hobby, Retail, Jumbo, Factory sets",#230,Derek Jeter,New York Yankees,,,League Leaders,,1,,所持中,2025-11-11,888円 / Set,メルカリで、うどんさんよりセット購入
9,Topps,tp,tp_1999_S1_#231,1999,Topps Series 1,S1,"Hobby, Retail, Jumbo, Factory sets",#231,Greg Maddux,Atlanta Braves,,,League Leaders,,1,,所持中,2025-11-11,888円 / Set,メルカリで、うどんさんよりセット購入
10,Topps,tp,tp_1999_S1_#232,1999,Topps Series 1,S1,"Hobby, Retail, Jumbo, Factory sets",#232,Roger Clemens,Toronto Blue Jays,,,League Leaders,,1,,所持中,2025-11-11,888円 / Set,メルカリで、うどんさんよりセット購入
11,Topps,tp,tp_1999_S2_#LD5,1999,Topps Series 2,S2,"Hobby, Retail, Jumbo, Factory sets",#LD5,Mark McGwire,ST. LOUIS CARDINALS,,,Lords of the Diamond,,1,,所持中,2025-11-11,888円 / Set,メルカリで、うどんさんよりセット購入
12,Topps,tp,tp_1999_S2_#NB4,1999,Topps Series 2,S2,"Hobby, Retail, Jumbo, Factory sets",#NB4,Nomar Garciaparra,Boston Red Sox,,,New Breed,,1,,所持中,2025-11-11,888円 / Set,メルカリで、うどんさんよりセット購入
13,Topps,tp,tp_2000_S2_#268,2000,Topps Series 2,S2,"Hobby/Retail, HTA, Retail set",#268,Orel Hershiser,Los Angeles Dodgers,,Home Team Advantage,,,1,,所持中,2025-11-03,399円,メルカリで、nomo16さんよりシングル購入
14,Topps,tp,tp_2002_S1_#202,2002,Topps Chrome Series 1,S1,"24 packs per box, four cards per pack",#202,Jerry Hairston,Baltimore Orioles,,Black Refractor,,7/50,1,,所持中,2025-11-03,300円,Yahoo!オークションで、ind********さんから落札
15,Topps,tp,tp_2007_UH_#UH195,2007,Topps Updates & Highlights,UH,"Hobby/Retail, HTA, Retail set",#UH195,Marcus McBeth,,RC,,,,1,,所持中,2025-11-03,0,Yahoo!オークションで、落札したおまけ
16,Topps,tp,tp_2009_UH_#TTT73,2009,Topps Updates & Highlights,UH,Two Update cards came in 2009 Topps Heritage Update packs.,#TTT73,Matt Cain,San Francisco Giants,,,Ticket to Toppstown,,1,,所持中,2025-11-03,0,Yahoo!オークションで、落札したおまけ
17,Fleer,fl,fl_2004_SS_#7,2004,Fleer Sweet Sigs,SS,"Hobby, Retail",#7,Nomar Garciaparra,Boston Red Sox,,,Sweet Swing,35/99,1,,所持中,2025-11-03,700円,Yahoo!オークションで、mar********さんから落札
18,SkyBox,sk,sk_2000_SA_#NNO,2000,Skybox Autographics,SA,Hobby,#NNO,"Jerry Hairston, Jr.",Baltimore Orioles,,Autographics,,,1,,所持中,2025-11-03,400円,Yahoo!オークションで、dolbyさんから落札
19,Fleer,fl,fl_1997_MD_#36,1997,Fleer Million Dollar Moments,MD,,#36,Albert Belle,Cleveland Indians,,,,,1,,所持中,2025-11-03,0,Yahoo!オークションで、落札したおまけ
20,Topps,tp,tp_2019_CH_#84TC-1,2019,Topps Chrome Base Set,CH,"Hobby, Jumbo",#84TC-1,Aaron Judge,New York Yankees,,,1984 Topps,,1,,所持中,2025-11-24,2000円 / Set,浅草カードショー2025で福袋セット×2を購入
21,Topps,tp,tp_2011_LI_#178,2011,Topps Lineage,LI,"Hobby, Jumbo",#178,Albert Pujols,St. Louis Cardinals,,Diamond Anniversary Platinum Refractor,,,1,,所持中,2025-11-24,2000円 / Set,浅草カードショー2025で福袋セット×2を購入
22,Topps,tp,tp_2024_AG_#AGR-JPED,2024,Topps Allen & Ginter,AG,"Hobb, Retail, Rack Packs",#AGR-JPED,Joc Pederson,Arizona Diamondbacks,,,Relics Pattern B,,1,,所持中,2025-11-24,2000円 / Set,浅草カードショー2025で福袋セット×2を購入
23,Topps,tp,tp_2017_CH_#RA-GM,2017,Topps Chrome Series 1,CH,"Hobby, Jumbo",#RA-GM,German Marquez,Colorado Rockies,RC,Autographics,,,1,,所持中,2025-11-24,2000円 / Set,浅草カードショー2025で福袋セット×2を購入
24,Topps,tp,tp_2020_BB_#B20-WM,2020,Topps Bowman's Best,BB,Hobby only,#B20-WM,Whit Merrifield,Kansas City Royals,,Autographics,,,1,,所持中,2025-11-24,2000円 / Set,浅草カードショー2025で福袋セット×2を購入
25,Topps,tp,tp_2025_S2_#352,2025,Topps Series 2,S2,"Hobby, Retail, Jumbo, Blasters, Retail Rack, Hanger Boxes, Collector's Super Box, Mega Box",#352,--,Chicago White Sox,TC,Vintage Stock Retro,,85/99,1,,所持中,2025-11-24,2000円 / Set,浅草カードショー2025で福袋セット×2を購入
26,Upper Deck,ud,ud_2006_UC_#135,2006,Ultimate Collection,UC,Hobby only,#135,Jose Capellan,Milwaukee Brewers,RC,Autographics,,125/180,1,,所持中,2025-11-24,2000円 / Set,浅草カードショー2025で福袋セット×2を購入
27,Donruss,do,do_2008_DT_#160,2008,Donruss Threads,DT,Hobby,#160,Shelby Ford,Pittsburgh Pirates,RC,Autographics,Elite Extra Edition,097/819,1,,所持中,2025-11-24,2000円 / Set,浅草カードショー2025で福袋セット×2を購入
28,Upper Deck,ud,ud_2008_SA_#AA-12,2008,SP Authentic,SA,Hobby only,#AA-12,Daisuke Matsuzaka,Boston Red Sox,,,Authentic Achievements,,1,,所持中,2025-11-24,2000円 / Set,浅草カードショー2025で福袋セット×2を購入
29,timeasia.com,ta,ta_2003_TA_#NNO,2003,timeasia 2003 APRIL28−MAY5,TA,--,#NNO,Hideki Matsui,New York Yankees,,,,,1,,所持中,2025-11-24,2000円 / Set,浅草カードショー2025で福袋セット×2を購入
30,Topps,tp,tp_2025_TN_#915,2025,Topps NOW,TN,$8.99 per card,#915,Mookie Betts,Los Angeles Dodgers,,,,,1,,所持中,2025-11-02,$8.99,topps.com で初めて購入したNOW。12/2に到着した。ベッツが打撃不調で自分が試合を見ているなかで初めて打順を下げられた日(それでも4番)に試合を決定付けるタイムリーを打った瞬間。WS終盤の負けられない闘いで、大谷との連打が生まれておらず苦しい(なぁと自分でも思っていたところ)展開を打破すべく、ロバーツ監督の采配が的中した日でもある。
246,Topps,tp,tp_2025_US_#ASG-11,2025,Topps Update Series,US,"Hobby, Jumbo, Blasters",#ASG-11,Jacob Wilson,Athletics,RC,Pink Holo,2025 ALL STAR GAME,,1,,所持中,2025-11-21,"17,380円 / Hobby Box",topps.jp で購入した初Box。
241,Topps,tp,tp_2025_US_#ASG-12,2025,Topps Update Series,US,"Hobby, Jumbo, Blasters",#ASG-12,Riley Greene,Detroit Tigers,,,2025 ALL STAR GAME,,1,,所持中,2025-11-21,"17,380円 / Hobby Box",topps.jp で購入した初Box。
247,Topps,tp,tp_2025_US_#ASG-23,2025,Topps Update Series,US,"Hobby, Jumbo, Blasters",#ASG-23,Bobby Witt JR.,Kansas City Royals,,,2025 ALL STAR GAME,,1,,所持中,2025-11-21,"17,380円 / Hobby Box",topps.jp で購入した初Box。
248,Topps,tp,tp_2025_US_#ASG-34,2025,Topps Update Series,US,"Hobby, Jumbo, Blasters",#ASG-34,Bryan Woo,Seattle Mariners,,,2025 ALL STAR GAME,,1,,所持中,2025-11-21,"17,380円 / Hobby Box",topps.jp で購入した初Box。
249,Topps,tp,tp_2025_US_#ASG-41,2025,Topps Update Series,US,"Hobby, Jumbo, Blasters",#ASG-41,Alex Bregman,Boston Red Sox,,,2025 ALL STAR GAME,,1,,所持中,2025-11-21,"17,380円 / Hobby Box",topps.jp で購入した初Box。
250,Topps,tp,tp_2025_US_#ASG-46,2025,Topps Update Series,US,"Hobby, Jumbo, Blasters",#ASG-46,Kris Bubic,Kansas City Royals,,,2025 ALL STAR GAME,,1,,所持中,2025-11-21,"17,380円 / Hobby Box",topps.jp で購入した初Box。
251,Topps,tp,tp_2025_US_#ASG-50,2025,Topps Update Series,US,"Hobby, Jumbo, Blasters",#ASG-50,Clayton Kershaw,Los Angeles Dodgers,,,2025 ALL STAR GAME,,1,,所持中,2025-11-21,"17,380円 / Hobby Box",topps.jp で購入した初Box。
253,Topps,tp,tp_2025_US_#BG-07,2025,Topps Update Series,US,"Hobby, Jumbo, Blasters",#BG-07,Matt Shaw,Chicago Cubs,RC,,TOPPS BLACK GOLD,,1,,所持中,2025-11-21,"17,380円 / Hobby Box",topps.jp で購入した初Box。
255,Topps,tp,tp_2025_US_#BR-13,2025,Topps Update Series,US,"Hobby, Jumbo, Blasters",#BR-13,Mike Trout,Los Angeles Angels,,,BLEACHER REACHERS,,1,,所持中,2025-11-21,"17,380円 / Hobby Box",topps.jp で購入した初Box。
260,Topps,tp,tp_2025_US_#CCA2-ET,2025,Topps Update Series,US,"Hobby, Jumbo, Blasters",#CCA2-ET,Ezequiel Tovar,Colorado Rockies,,Autographics,CITY CONNECT SWATCH COLLECTION AUTOGRAPH RELIC,,1,,所持中,2025-11-21,"17,380円 / Hobby Box",topps.jp で購入した初Box。
239,Topps,tp,tp_2025_US_#FPU-4,2025,Topps Update Series,US,"Hobby, Jumbo, Blasters",#FPU-4,Eitan Levine,--,,,FIRST PITCH,,1,,所持中,2025-11-21,"17,380円 / Hobby Box",topps.jp で購入した初Box。
254,Topps,tp,tp_2025_US_#MV-15,2025,Topps Update Series,US,"Hobby, Jumbo, Blasters",#MV-15,Clayton Kershaw,Los Angeles Dodgers,,,MOST VALUABLE,,1,,所持中,2025-11-21,"17,380円 / Hobby Box",topps.jp で購入した初Box。
252,Topps,tp,tp_2025_US_#MYS-05,2025,Topps Update Series,US,"Hobby, Jumbo, Blasters",#MYS-05,Elly De La Cruz,Cincinnati Reds,,,MYSTICAL,,1,,所持中,2025-11-21,"17,380円 / Hobby Box",topps.jp で購入した初Box。
240,Topps,tp,tp_2025_US_#U90-09,2025,Topps Update Series,US,"Hobby, Jumbo, Blasters",#U90-09,Marcelo Mayer,Boston Red Sox,RC,,1990 TOPPS BASEBALL,,1,,所持中,2025-11-21,"17,380円 / Hobby Box",topps.jp で購入した初Box。
242,Topps,tp,tp_2025_US_#U90-29,2025,Topps Update Series,US,"Hobby, Jumbo, Blasters",#U90-29,Ernie Banks,Chicago Cubs,,,1990 TOPPS BASEBALL,,1,,所持中,2025-11-21,"17,380円 / Hobby Box",topps.jp で購入した初Box。
243,Topps,tp,tp_2025_US_#U90-35,2025,Topps Update Series,US,"Hobby, Jumbo, Blasters",#U90-35,Matt Shaw,Chicago Cubs,RC,,1990 TOPPS BASEBALL,,1,,所持中,2025-11-21,"17,380円 / Hobby Box",topps.jp で購入した初Box。
244,Topps,tp,tp_2025_US_#U90-49,2025,Topps Update Series,US,"Hobby, Jumbo, Blasters",#U90-49,Max Muncy,Athletics,RC,,1990 TOPPS BASEBALL,,1,,所持中,2025-11-21,"17,380円 / Hobby Box",topps.jp で購入した初Box。
245,Topps,tp,tp_2025_US_#U90-50,2025,Topps Update Series,US,"Hobby, Jumbo, Blasters",#U90-50,Chase Dollander,Colorado Rockies,RC,,1990 TOPPS BASEBALL,,1,,所持中,2025-11-21,"17,380円 / Hobby Box",topps.jp で購入した初Box。
257,Topps,tp,tp_2025_US_#U90C-12,2025,Topps Update Series,US,"Hobby, Jumbo, Blasters",#U90C-12,Paul Goldschmidt,New York Yankees,,,1990 TOPPS BASEBALL CHROME CARDS,,1,,所持中,2025-11-21,"17,380円 / Hobby Box",topps.jp で購入した初Box。
258,Topps,tp,tp_2025_US_#U90C-19,2025,Topps Update Series,US,"Hobby, Jumbo, Blasters",#U90C-19,Fernando Tatis Jr.,San Diego Padres,,,1990 TOPPS BASEBALL CHROME CARDS,,1,,所持中,2025-11-21,"17,380円 / Hobby Box",topps.jp で購入した初Box。
259,Topps,tp,tp_2025_US_#U90C-25,2025,Topps Update Series,US,"Hobby, Jumbo, Blasters",#U90C-25,Bobby Witt JR.,Kansas City Royals,,,1990 TOPPS BASEBALL CHROME CARDS,,1,,所持中,2025-11-21,"17,380円 / Hobby Box",topps.jp で購入した初Box。
256,Topps,tp,tp_2025_US_#U90C-29,2025,Topps Update Series,US,"Hobby, Jumbo, Blasters",#U90C-29,Justin Verlander,San Francisco Giants,,,1990 TOPPS BASEBALL CHROME CARDS,,1,,所持中,2025-11-21,"17,380円 / Hobby Box",topps.jp で購入した初Box。
155,Topps,tp,tp_2025_US_#US001,2025,Topps Update Series,US,"Hobby, Jumbo, Blasters",#US001,Kristian Campbell,Boston Red Sox,RC,,base,,1,,所持中,2025-11-21,"17,380円 / Hobby Box",topps.jp で購入した初Box。
,Topps,tp,tp_2025_US_#US002,2025,Topps Update Series,US,"Hobby, Jumbo, Blasters",#US002,,,,,base,,,,,,,
150,Topps,tp,tp_2025_US_#US003,2025,Topps Update Series,US,"Hobby, Jumbo, Blasters",#US003,Jamie Westbrook,Tampa Bay Rays,RC,,base,,1,,所持中,2025-11-21,"17,380円 / Hobby Box",topps.jp で購入した初Box。
,Topps,tp,tp_2025_US_#US004,2025,Topps Update Series,US,"Hobby, Jumbo, Blasters",#US004,,,,,base,,,,,,,
127,Topps,tp,tp_2025_US_#US005,2025,Topps Update Series,US,"Hobby, Jumbo, Blasters",#US005,Jeff Criswell,Colorado Rockies,RC,,base,,1,,所持中,2025-11-21,"17,380円 / Hobby Box",topps.jp で購入した初Box。
86,Topps,tp,tp_2025_US_#US006,2025,Topps Update Series,US,"Hobby, Jumbo, Blasters",#US006,Levi Jordan,Cincinnati Reds,RC,,base,,1,,所持中,2025-11-21,"17,380円 / Hobby Box",topps.jp で購入した初Box。
,Topps,tp,tp_2025_US_#US007,2025,Topps Update Series,US,"Hobby, Jumbo, Blasters",#US007,,,,,base,,,,,,,
128,Topps,tp,tp_2025_US_#US008,2025,Topps Update Series,US,"Hobby, Jumbo, Blasters",#US008,Tanner Gordon,Colorado Rockies,RC,,base,,1,,所持中,2025-11-21,"17,380円 / Hobby Box",topps.jp で購入した初Box。
139,Topps,tp,tp_2025_US_#US009,2025,Topps Update Series,US,"Hobby, Jumbo, Blasters",#US009,Jeff Hoffman,Toronto Blue Jays,,,base,,1,,所持中,2025-11-21,"17,380円 / Hobby Box",topps.jp で購入した初Box。
223,Topps,tp,tp_2025_US_#US010,2025,Topps Update Series,US,"Hobby, Jumbo, Blasters",#US010,Alejandro Osuna,Texas Rangers,RC,,base,,1,,所持中,2025-11-21,"17,380円 / Hobby Box",topps.jp で購入した初Box。
,Topps,tp,tp_2025_US_#US011,2025,Topps Update Series,US,"Hobby, Jumbo, Blasters",#US011,,,,,base,,,,,,,
217,Topps,tp,tp_2025_US_#US012,2025,Topps Update Series,US,"Hobby, Jumbo, Blasters",#US012,Andres Munoz,Seattle Mariners,,,base,,1,,所持中,2025-11-21,"17,380円 / Hobby Box",topps.jp で購入した初Box。
87,Topps,tp,tp_2025_US_#US013,2025,Topps Update Series,US,"Hobby, Jumbo, Blasters",#US013,Jose Trevino,Cincinnati Reds,,,base,,1,,所持中,2025-11-21,"17,380円 / Hobby Box",topps.jp で購入した初Box。
198,Topps,tp,tp_2025_US_#US014,2025,Topps Update Series,US,"Hobby, Jumbo, Blasters",#US014,Denzel Clarke,Athletics,RC,,base,,1,,所持中,2025-11-21,"17,380円 / Hobby Box",topps.jp で購入した初Box。
,Topps,tp,tp_2025_US_#US015,2025,Topps Update Series,US,"Hobby, Jumbo, Blasters",#US015,,,,,base,,,,,,,
,Topps,tp,tp_2025_US_#US016,2025,Topps Update Series,US,"Hobby, Jumbo, Blasters",#US016,,,,,base,,,,,,,
209,Topps,tp,tp_2025_US_#US017,2025,Topps Update Series,US,"Hobby, Jumbo, Blasters",#US017,Garrett McDaniels,Los Angeles Angels,RC,,base,,1,,所持中,2025-11-21,"17,380円 / Hobby Box",topps.jp で購入した初Box。
106,Topps,tp,tp_2025_US_#US018,2025,Topps Update Series,US,"Hobby, Jumbo, Blasters",#US018,Evan Phillips,Los Angeles Dodgers,,,base,,1,,所持中,2025-11-21,"17,380円 / Hobby Box",topps.jp で購入した初Box。
,Topps,tp,tp_2025_US_#US019,2025,Topps Update Series,US,"Hobby, Jumbo, Blasters",#US019,,,,,base,,,,,,,
199,Topps,tp,tp_2025_US_#US020,2025,Topps Update Series,US,"Hobby, Jumbo, Blasters",#US020,Mitch Spence,Athletics,,,base,,1,,所持中,2025-11-21,"17,380円 / Hobby Box",topps.jp で購入した初Box。
,Topps,tp,tp_2025_US_#US021,2025,Topps Update Series,US,"Hobby, Jumbo, Blasters",#US021,,,,,base,,,,,,,
54,Topps,tp,tp_2025_US_#US022,2025,Topps Update Series,US,"Hobby, Jumbo, Blasters",#US022,Blade Tidwell,New York Mets,RC,,base,,1,,所持中,2025-11-21,"17,380円 / Hobby Box",topps.jp で購入した初Box。
,Topps,tp,tp_2025_US_#US023,2025,Topps Update Series,US,"Hobby, Jumbo, Blasters",#US023,,,,,base,,,,,,,
210,Topps,tp,tp_2025_US_#US024,2025,Topps Update Series,US,"Hobby, Jumbo, Blasters",#US024,Yoan Moncada,Los Angeles Angels,,,base,,1,,所持中,2025-11-21,"17,380円 / Hobby Box",topps.jp で購入した初Box。
,Topps,tp,tp_2025_US_#US025,2025,Topps Update Series,US,"Hobby, Jumbo, Blasters",#US025,,,,,base,,,,,,,
161,Topps,tp,tp_2025_US_#US026,2025,Topps Update Series,US,"Hobby, Jumbo, Blasters",#US026,"Steven Kwan, Jose Ramirez",Cleveland Guardians,CC,,base,,1,,所持中,2025-11-21,"17,380円 / Hobby Box",topps.jp で購入した初Box。
63,Topps,tp,tp_2025_US_#US027,2025,Topps Update Series,US,"Hobby, Jumbo, Blasters",#US027,Justin Turner,Chicago Cubs,,,base,,1,,所持中,2025-11-21,"17,380円 / Hobby Box",topps.jp で購入した初Box。
72,Topps,tp,tp_2025_US_#US028,2025,Topps Update Series,US,"Hobby, Jumbo, Blasters",#US028,Grant Koch,Pittsburgh Pirates,RC,,base,,1,,所持中,2025-11-21,"17,380円 / Hobby Box",topps.jp で購入した初Box。
97,Topps,tp,tp_2025_US_#US029,2025,Topps Update Series,US,"Hobby, Jumbo, Blasters",#US029,Luis Matos,San Francisco Giants,,,base,,1,,所持中,2025-11-21,"17,380円 / Hobby Box",topps.jp で購入した初Box。
80,Topps,tp,tp_2025_US_#US030,2025,Topps Update Series,US,"Hobby, Jumbo, Blasters",#US030,Eric Haase,Milwaukee Brewers,,,base,,2,,所持中,2025-11-21,"17,380円 / Hobby Box",topps.jp で購入した初Box。
,Topps,tp,tp_2025_US_#US031,2025,Topps Update Series,US,"Hobby, Jumbo, Blasters",#US031,,,,,base,,,,,,,
73,Topps,tp,tp_2025_US_#US032,2025,Topps Update Series,US,"Hobby, Jumbo, Blasters",#US032,Braxton Ashcraft,Pittsburgh Pirates,RC,,base,,1,,所持中,2025-11-21,"17,380円 / Hobby Box",topps.jp で購入した初Box。
,Topps,tp,tp_2025_US_#US033,2025,Topps Update Series,US,"Hobby, Jumbo, Blasters",#US033,,,,,base,,,,,,,
,Topps,tp,tp_2025_US_#US034,2025,Topps Update Series,US,"Hobby, Jumbo, Blasters",#US034,,,,,base,,,,,,,
61,Topps,tp,tp_2025_US_#US035,2025,Topps Update Series,US,"Hobby, Jumbo, Blasters",#US035,Steven Matz,St. Louis Cardinals,,,base,,1,,所持中,2025-11-21,"17,380円 / Hobby Box",topps.jp で購入した初Box。
156,Topps,tp,tp_2025_US_#US036,2025,Topps Update Series,US,"Hobby, Jumbo, Blasters",#US036,Luis Guerrero,Boston Red Sox,RC,,base,,1,,所持中,2025-11-21,"17,380円 / Hobby Box",topps.jp で購入した初Box。
174,Topps,tp,tp_2025_US_#US037,2025,Topps Update Series,US,"Hobby, Jumbo, Blasters",#US037,Zebby Matthews,Minnesota Twins,RC,,base,,2,,所持中,2025-11-21,"17,380円 / Hobby Box",topps.jp で購入した初Box。
107,Topps,tp,tp_2025_US_#US038,2025,Topps Update Series,US,"Hobby, Jumbo, Blasters",#US038,Dalton Rushing,Los Angeles Dodgers,RC,,base,,1,,所持中,2025-11-21,"17,380円 / Hobby Box",topps.jp で購入した初Box。
31,Topps,tp,tp_2025_US_#US039,2025,Topps Update Series,US,"Hobby, Jumbo, Blasters",#US039,Brad Lord,Washington Nationals,RC,,base,,2,,所持中,2025-11-21,"17,380円 / Hobby Box",topps.jp で購入した初Box。
55,Topps,tp,tp_2025_US_#US040,2025,Topps Update Series,US,"Hobby, Jumbo, Blasters",#US040,Griffin Canning,New York Mets,,,base,,1,,所持中,2025-11-21,"17,380円 / Hobby Box",topps.jp で購入した初Box。
,Topps,tp,tp_2025_US_#US041,2025,Topps Update Series,US,"Hobby, Jumbo, Blasters",#US041,,,,,base,,,,,,,
168,Topps,tp,tp_2025_US_#US042,2025,Topps Update Series,US,"Hobby, Jumbo, Blasters",#US042,Manuel Margot,Detroit Tigers,,,base,,1,,所持中,2025-11-21,"17,380円 / Hobby Box",topps.jp で購入した初Box。
,Topps,tp,tp_2025_US_#US043,2025,Topps Update Series,US,"Hobby, Jumbo, Blasters",#US043,,,,,base,,,,,,,
,Topps,tp,tp_2025_US_#US044,2025,Topps Update Series,US,"Hobby, Jumbo, Blasters",#US044,,,,,base,,,,,,,
191,Topps,tp,tp_2025_US_#US045,2025,Topps Update Series,US,"Hobby, Jumbo, Blasters",#US045,Cam Smith,Houston Astros,RC,,base,,1,,所持中,2025-11-21,"17,380円 / Hobby Box",topps.jp で購入した初Box。
64,Topps,tp,tp_2025_US_#US046,2025,Topps Update Series,US,"Hobby, Jumbo, Blasters",#US046,Ryan Pressly,Chicago Cubs,,,base,,1,,所持中,2025-11-21,"17,380円 / Hobby Box",topps.jp で購入した初Box。
,Topps,tp,tp_2025_US_#US047,2025,Topps Update Series,US,"Hobby, Jumbo, Blasters",#US047,,,,,base,,,,,,,
,Topps,tp,tp_2025_US_#US048,2025,Topps Update Series,US,"Hobby, Jumbo, Blasters",#US048,,,,,base,,,,,,,
45,Topps,tp,tp_2025_US_#US049,2025,Topps Update Series,US,"Hobby, Jumbo, Blasters",#US049,Michael Petersen,Miami Marlins,RC,,base,,1,,所持中,2025-11-21,"17,380円 / Hobby Box",topps.jp で購入した初Box。
,Topps,tp,tp_2025_US_#US050,2025,Topps Update Series,US,"Hobby, Jumbo, Blasters",#US050,,,,,base,,,,,,,
74,Topps,tp,tp_2025_US_#US051,2025,Topps Update Series,US,"Hobby, Jumbo, Blasters",#US051,Adam Frazier,Pittsburgh Pirates,,,base,,1,,所持中,2025-11-21,"17,380円 / Hobby Box",topps.jp で購入した初Box。
,Topps,tp,tp_2025_US_#US052,2025,Topps Update Series,US,"Hobby, Jumbo, Blasters",#US052,,,,,base,,,,,,,
,Topps,tp,tp_2025_US_#US053,2025,Topps Update Series,US,"Hobby, Jumbo, Blasters",#US053,,,,,base,,,,,,,
,Topps,tp,tp_2025_US_#US054,2025,Topps Update Series,US,"Hobby, Jumbo, Blasters",#US054,,,,,base,,,,,,,
131,Topps,tp,tp_2025_US_#US055,2025,Topps Update Series,US,"Hobby, Jumbo, Blasters",#US055,Tomoyuki Sugano,Baltimore Orioles,RC,,base,,1,,所持中,2025-11-21,"17,380円 / Hobby Box",topps.jp で購入した初Box。
218,Topps,tp,tp_2025_US_#US056,2025,Topps Update Series,US,"Hobby, Jumbo, Blasters",#US056,Dominic Canzone,Seattle Mariners,,,base,,1,,所持中,2025-11-21,"17,380円 / Hobby Box",topps.jp で購入した初Box。
179,Topps,tp,tp_2025_US_#US057,2025,Topps Update Series,US,"Hobby, Jumbo, Blasters",#US057,Michael Taylor,Chicago White Sox,,,base,,1,,所持中,2025-11-21,"17,380円 / Hobby Box",topps.jp で購入した初Box。
,Topps,tp,tp_2025_US_#US058,2025,Topps Update Series,US,"Hobby, Jumbo, Blasters",#US058,,,,,base,,,,,,,
81,Topps,tp,tp_2025_US_#US059,2025,Topps Update Series,US,"Hobby, Jumbo, Blasters",#US059,Caleb Durbin,Milwaukee Brewers,RC,,base,,1,,所持中,2025-11-21,"17,380円 / Hobby Box",topps.jp で購入した初Box。
,Topps,tp,tp_2025_US_#US060,2025,Topps Update Series,US,"Hobby, Jumbo, Blasters",#US060,,,,,base,,,,,,,
200,Topps,tp,tp_2025_US_#US061,2025,Topps Update Series,US,"Hobby, Jumbo, Blasters",#US061,Elvis Alvarado,Athletics,RC,,base,,1,,所持中,2025-11-21,"17,380円 / Hobby Box",topps.jp で購入した初Box。
,Topps,tp,tp_2025_US_#US062,2025,Topps Update Series,US,"Hobby, Jumbo, Blasters",#US062,,,,,base,,,,,,,
82,Topps,tp,tp_2025_US_#US063,2025,Topps Update Series,US,"Hobby, Jumbo, Blasters",#US063,Connor Thomas,Milwaukee Brewers,RC,,base,,1,,所持中,2025-11-21,"17,380円 / Hobby Box",topps.jp で購入した初Box。
,Topps,tp,tp_2025_US_#US064,2025,Topps Update Series,US,"Hobby, Jumbo, Blasters",#US064,,,,,base,,,,,,,
185,Topps,tp,tp_2025_US_#US065,2025,Topps Update Series,US,"Hobby, Jumbo, Blasters",#US065,Noah Cameron,Kansas City Royals,RC,,base,,1,,所持中,2025-11-21,"17,380円 / Hobby Box",topps.jp で購入した初Box。
,Topps,tp,tp_2025_US_#US066,2025,Topps Update Series,US,"Hobby, Jumbo, Blasters",#US066,,,,,base,,,,,,,
162,Topps,tp,tp_2025_US_#US067,2025,Topps Update Series,US,"Hobby, Jumbo, Blasters",#US067,Nic Enright,Cleveland Guardians,RC,,base,,1,,所持中,2025-11-21,"17,380円 / Hobby Box",topps.jp で購入した初Box。
,Topps,tp,tp_2025_US_#US068,2025,Topps Update Series,US,"Hobby, Jumbo, Blasters",#US068,,,,,base,,,,,,,
117,Topps,tp,tp_2025_US_#US069,2025,Topps Update Series,US,"Hobby, Jumbo, Blasters",#US069,Nick Pivetta,San Diego Padres,,,base,,1,,所持中,2025-11-21,"17,380円 / Hobby Box",topps.jp で購入した初Box。
109,Topps,tp,tp_2025_US_#US070,2025,Topps Update Series,US,"Hobby, Jumbo, Blasters",#US070,Dustin May,Los Angeles Dodgers,,,base,,1,,所持中,2025-11-21,"17,380円 / Hobby Box",topps.jp で購入した初Box。
118,Topps,tp,tp_2025_US_#US071,2025,Topps Update Series,US,"Hobby, Jumbo, Blasters",#US071,Jason Heyward,San Diego Padres,,,base,,1,,所持中,2025-11-21,"17,380円 / Hobby Box",topps.jp で購入した初Box。
75,Topps,tp,tp_2025_US_#US072,2025,Topps Update Series,US,"Hobby, Jumbo, Blasters",#US072,Tsung-Che Cheng,Pittsburgh Pirates,RC,,base,,1,,所持中,2025-11-21,"17,380円 / Hobby Box",topps.jp で購入した初Box。
,Topps,tp,tp_2025_US_#US073,2025,Topps Update Series,US,"Hobby, Jumbo, Blasters",#US073,,,,,base,,,,,,,
56,Topps,tp,tp_2025_US_#US074,2025,Topps Update Series,US,"Hobby, Jumbo, Blasters",#US074,Travis Jankowski,New York Mets,,,base,,1,,所持中,2025-11-21,"17,380円 / Hobby Box",topps.jp で購入した初Box。
140,Topps,tp,tp_2025_US_#US075,2025,Topps Update Series,US,"Hobby, Jumbo, Blasters",#US075,Andres Gimenez,Toronto Blue Jays,,,base,,1,,所持中,2025-11-21,"17,380円 / Hobby Box",topps.jp で購入した初Box。
119,Topps,tp,tp_2025_US_#US076,2025,Topps Update Series,US,"Hobby, Jumbo, Blasters",#US076,Martin Maldonado,San Diego Padres,,,base,,1,,所持中,2025-11-21,"17,380円 / Hobby Box",topps.jp で購入した初Box。
108,Topps,tp,tp_2025_US_#US077,2025,Topps Update Series,US,"Hobby, Jumbo, Blasters",#US077,Jack Dreyer,Los Angeles Dodgers,RC,,base,,1,,所持中,2025-11-21,"17,380円 / Hobby Box",topps.jp で購入した初Box。
,Topps,tp,tp_2025_US_#US078,2025,Topps Update Series,US,"Hobby, Jumbo, Blasters",#US078,,,,,base,,,,,,,
,Topps,tp,tp_2025_US_#US079,2025,Topps Update Series,US,"Hobby, Jumbo, Blasters",#US079,,,,,base,,,,,,,
201,Topps,tp,tp_2025_US_#US080,2025,Topps Update Series,US,"Hobby, Jumbo, Blasters",#US080,"Brent Rooker, Lawrence Butler",Athletics,CC,,base,,1,,所持中,2025-11-21,"17,380円 / Hobby Box",topps.jp で購入した初Box。
151,Topps,tp,tp_2025_US_#US081,2025,Topps Update Series,US,"Hobby, Jumbo, Blasters",#US081,Danny Jansen,Tampa Bay Rays,,,base,,1,,所持中,2025-11-21,"17,380円 / Hobby Box",topps.jp で購入した初Box。
,Topps,tp,tp_2025_US_#US082,2025,Topps Update Series,US,"Hobby, Jumbo, Blasters",#US082,,,,,base,,,,,,,
,Topps,tp,tp_2025_US_#US083,2025,Topps Update Series,US,"Hobby, Jumbo, Blasters",#US083,,,,,base,,,,,,,
,Topps,tp,tp_2025_US_#US084,2025,Topps Update Series,US,"Hobby, Jumbo, Blasters",#US084,,,,,base,,,,,,,
,Topps,tp,tp_2025_US_#US085,2025,Topps Update Series,US,"Hobby, Jumbo, Blasters",#US085,,,,,base,,,,,,,
146,Topps,tp,tp_2025_US_#US086,2025,Topps Update Series,US,"Hobby, Jumbo, Blasters",#US086,Aaron Judge,New York Yankees,SHC,,base,,1,,所持中,2025-11-21,"17,380円 / Hobby Box",topps.jp で購入した初Box。
41,Topps,tp,tp_2025_US_#US087,2025,Topps Update Series,US,"Hobby, Jumbo, Blasters",#US087,Drake Baldwin,Atlanta Braves,RC,,base,,2,,所持中,2025-11-21,"17,380円 / Hobby Box",topps.jp で購入した初Box。
,Topps,tp,tp_2025_US_#US088,2025,Topps Update Series,US,"Hobby, Jumbo, Blasters",#US088,,,,,base,,,,,,,
141,Topps,tp,tp_2025_US_#US089,2025,Topps Update Series,US,"Hobby, Jumbo, Blasters",#US089,Braydon Fisher,Toronto Blue Jays,RC,,base,,1,,所持中,2025-11-21,"17,380円 / Hobby Box",topps.jp で購入した初Box。
120,Topps,tp,tp_2025_US_#US090,2025,Topps Update Series,US,"Hobby, Jumbo, Blasters",#US090,Omar Cruz,San Diego Padres,RC,,base,,1,,所持中,2025-11-21,"17,380円 / Hobby Box",topps.jp で購入した初Box。
142,Topps,tp,tp_2025_US_#US091,2025,Topps Update Series,US,"Hobby, Jumbo, Blasters",#US091,Tyler Heineman,Toronto Blue Jays,,,base,,1,,所持中,2025-11-21,"17,380円 / Hobby Box",topps.jp で購入した初Box。
83,Topps,tp,tp_2025_US_#US092,2025,Topps Update Series,US,"Hobby, Jumbo, Blasters",#US092,Drew Avans,Milwaukee Brewers,RC,,base,,1,,所持中,2025-11-21,"17,380円 / Hobby Box",topps.jp で購入した初Box。
169,Topps,tp,tp_2025_US_#US093,2025,Topps Update Series,US,"Hobby, Jumbo, Blasters",#US093,Jace Jung,Detroit Tigers,RC,,base,,1,,所持中,2025-11-21,"17,380円 / Hobby Box",topps.jp で購入した初Box。
,Topps,tp,tp_2025_US_#US094,2025,Topps Update Series,US,"Hobby, Jumbo, Blasters",#US094,,,,,base,,,,,,,
202,Topps,tp,tp_2025_US_#US095,2025,Topps Update Series,US,"Hobby, Jumbo, Blasters",#US095,Michel Otanez,Athletics,RC,,base,,1,,所持中,2025-11-21,"17,380円 / Hobby Box",topps.jp で購入した初Box。
,Topps,tp,tp_2025_US_#US096,2025,Topps Update Series,US,"Hobby, Jumbo, Blasters",#US096,,,,,base,,,,,,,
132,Topps,tp,tp_2025_US_#US097,2025,Topps Update Series,US,"Hobby, Jumbo, Blasters",#US097,Brandon Young,Baltimore Orioles,RC,,base,,1,,所持中,2025-11-21,"17,380円 / Hobby Box",topps.jp で購入した初Box。
224,Topps,tp,tp_2025_US_#US098,2025,Topps Update Series,US,"Hobby, Jumbo, Blasters",#US098,Jake Burger,Texas Rangers,,,base,,1,,所持中,2025-11-21,"17,380円 / Hobby Box",topps.jp で購入した初Box。
46,Topps,tp,tp_2025_US_#US099,2025,Topps Update Series,US,"Hobby, Jumbo, Blasters",#US099,Max Meyer,Miami Marlins,,,base,,1,,所持中,2025-11-21,"17,380円 / Hobby Box",topps.jp で購入した初Box。
98,Topps,tp,tp_2025_US_#US100,2025,Topps Update Series,US,"Hobby, Jumbo, Blasters",#US100,Justin Verlander,San Francisco Giants,,,base,,1,,所持中,2025-11-21,"17,380円 / Hobby Box",topps.jp で購入した初Box。
,Topps,tp,tp_2025_US_#US101,2025,Topps Update Series,US,"Hobby, Jumbo, Blasters",#US101,,,,,base,,,,,,,
88,Topps,tp,tp_2025_US_#US102,2025,Topps Update Series,US,"Hobby, Jumbo, Blasters",#US102,Luis Mey,Cincinnati Reds,RC,,base,,1,,所持中,2025-11-21,"17,380円 / Hobby Box",topps.jp で購入した初Box。
,Topps,tp,tp_2025_US_#US103,2025,Topps Update Series,US,"Hobby, Jumbo, Blasters",#US103,,,,,base,,,,,,,
,Topps,tp,tp_2025_US_#US104,2025,Topps Update Series,US,"Hobby, Jumbo, Blasters",#US104,,,,,base,,,,,,,
157,Topps,tp,tp_2025_US_#US105,2025,Topps Update Series,US,"Hobby, Jumbo, Blasters",#US105,Marcelo Mayer,Boston Red Sox,RC,,base,,1,,所持中,2025-11-21,"17,380円 / Hobby Box",topps.jp で購入した初Box。
,Topps,tp,tp_2025_US_#US106,2025,Topps Update Series,US,"Hobby, Jumbo, Blasters",#US106,,,,,base,,,,,,,
37,Topps,tp,tp_2025_US_#US107,2025,Topps Update Series,US,"Hobby, Jumbo, Blasters",#US107,"Bryce Harper, Nick Castellanos",Philadelphia Phillies,CC,,base,,1,,所持中,2025-11-21,"17,380円 / Hobby Box",topps.jp で購入した初Box。
57,Topps,tp,tp_2025_US_#US108,2025,Topps Update Series,US,"Hobby, Jumbo, Blasters",#US108,Justin Hagenman,New York Mets,RC,,base,,1,,所持中,2025-11-21,"17,380円 / Hobby Box",topps.jp で購入した初Box。
32,Topps,tp,tp_2025_US_#US109,2025,Topps Update Series,US,"Hobby, Jumbo, Blasters",#US109,Robert Hassell III,Washington Nationals,RC,,base,,1,,所持中,2025-11-21,"17,380円 / Hobby Box",topps.jp で購入した初Box。
,Topps,tp,tp_2025_US_#US110,2025,Topps Update Series,US,"Hobby, Jumbo, Blasters",#US110,,,,,base,,,,,,,
,Topps,tp,tp_2025_US_#US111,2025,Topps Update Series,US,"Hobby, Jumbo, Blasters",#US111,,,,,base,,,,,,,
158,Topps,tp,tp_2025_US_#US112,2025,Topps Update Series,US,"Hobby, Jumbo, Blasters",#US112,Romy Gonzalez,Boston Red Sox,,,base,,1,,所持中,2025-11-21,"17,380円 / Hobby Box",topps.jp で購入した初Box。
42,Topps,tp,tp_2025_US_#US113,2025,Topps Update Series,US,"Hobby, Jumbo, Blasters",#US113,Drake Baldwin,Atlanta Braves,RC,,base,,1,,所持中,2025-11-21,"17,380円 / Hobby Box",topps.jp で購入した初Box。
133,Topps,tp,tp_2025_US_#US114,2025,Topps Update Series,US,"Hobby, Jumbo, Blasters",#US114,Grant Wolfram,Baltimore Orioles,RC,,base,,1,,所持中,2025-11-21,"17,380円 / Hobby Box",topps.jp で購入した初Box。
99,Topps,tp,tp_2025_US_#US115,2025,Topps Update Series,US,"Hobby, Jumbo, Blasters",#US115,Raymond Burgos,San Francisco Giants,RC,,base,,1,,所持中,2025-11-21,"17,380円 / Hobby Box",topps.jp で購入した初Box。
159,Topps,tp,tp_2025_US_#US116,2025,Topps Update Series,US,"Hobby, Jumbo, Blasters",#US116,Aroldis Chapman,Boston Red Sox,,,base,,1,,所持中,2025-11-21,"17,380円 / Hobby Box",topps.jp で購入した初Box。
192,Topps,tp,tp_2025_US_#US117,2025,Topps Update Series,US,"Hobby, Jumbo, Blasters",#US117,Logan VanWey,Houston Astros,RC,,base,,1,,所持中,2025-11-21,"17,380円 / Hobby Box",topps.jp で購入した初Box。
,Topps,tp,tp_2025_US_#US118,2025,Topps Update Series,US,"Hobby, Jumbo, Blasters",#US118,,,,,base,,,,,,,
,Topps,tp,tp_2025_US_#US119,2025,Topps Update Series,US,"Hobby, Jumbo, Blasters",#US119,,,,,base,,,,,,,
,Topps,tp,tp_2025_US_#US120,2025,Topps Update Series,US,"Hobby, Jumbo, Blasters",#US120,,,,,base,,,,,,,
211,Topps,tp,tp_2025_US_#US121,2025,Topps Update Series,US,"Hobby, Jumbo, Blasters",#US121,Ryan Johnson,Los Angeles Angels,RC,,base,,1,,所持中,2025-11-21,"17,380円 / Hobby Box",topps.jp で購入した初Box。
186,Topps,tp,tp_2025_US_#US122,2025,Topps Update Series,US,"Hobby, Jumbo, Blasters",#US122,Tyler Tolbert,Kansas City Royals,RC,,base,,1,,所持中,2025-11-21,"17,380円 / Hobby Box",topps.jp で購入した初Box。
,Topps,tp,tp_2025_US_#US123,2025,Topps Update Series,US,"Hobby, Jumbo, Blasters",#US123,,,,,base,,,,,,,
129,Topps,tp,tp_2025_US_#US124,2025,Topps Update Series,US,"Hobby, Jumbo, Blasters",#US124,Ryan Rolison,Colorado Rockies,RC,,base,,1,,所持中,2025-11-21,"17,380円 / Hobby Box",topps.jp で購入した初Box。
225,Topps,tp,tp_2025_US_#US125,2025,Topps Update Series,US,"Hobby, Jumbo, Blasters",#US125,Joc Pederson,Texas Rangers,,,base,,1,,所持中,2025-11-21,"17,380円 / Hobby Box",topps.jp で購入した初Box。
,Topps,tp,tp_2025_US_#US126,2025,Topps Update Series,US,"Hobby, Jumbo, Blasters",#US126,,,,,base,,,,,,,
38,Topps,tp,tp_2025_US_#US127,2025,Topps Update Series,US,"Hobby, Jumbo, Blasters",#US127,Mick Abel,Philadelphia Phillies,RC,,base,,1,,所持中,2025-11-21,"17,380円 / Hobby Box",topps.jp で購入した初Box。
65,Topps,tp,tp_2025_US_#US128,2025,Topps Update Series,US,"Hobby, Jumbo, Blasters",#US128,Kevin Alcantara,Chicago Cubs,RC,,base,,2,,所持中,2025-11-21,"17,380円 / Hobby Box",topps.jp で購入した初Box。
160,Topps,tp,tp_2025_US_#US129,2025,Topps Update Series,US,"Hobby, Jumbo, Blasters",#US129,Kristian Campbell,Boston Red Sox,RC,,base,,1,,所持中,2025-11-21,"17,380円 / Hobby Box",topps.jp で購入した初Box。
219,Topps,tp,tp_2025_US_#US130,2025,Topps Update Series,US,"Hobby, Jumbo, Blasters",#US130,Ben Williamson,Seattle Mariners,RC,,base,,1,,所持中,2025-11-21,"17,380円 / Hobby Box",topps.jp で購入した初Box。
47,Topps,tp,tp_2025_US_#US131,2025,Topps Update Series,US,"Hobby, Jumbo, Blasters",#US131,Cade Gibson,Miami Marlins,RC,,base,,1,,所持中,2025-11-21,"17,380円 / Hobby Box",topps.jp で購入した初Box。
,Topps,tp,tp_2025_US_#US132,2025,Topps Update Series,US,"Hobby, Jumbo, Blasters",#US132,,,,,base,,,,,,,
110,Topps,tp,tp_2025_US_#US133,2025,Topps Update Series,US,"Hobby, Jumbo, Blasters",#US133,Blake Treinen,Los Angeles Dodgers,,,base,,1,,所持中,2025-11-21,"17,380円 / Hobby Box",topps.jp で購入した初Box。
187,Topps,tp,tp_2025_US_#US134,2025,Topps Update Series,US,"Hobby, Jumbo, Blasters",#US134,Noah Murdock,Kansas City Royals,RC,,base,,1,,所持中,2025-11-21,"17,380円 / Hobby Box",topps.jp で購入した初Box。
100,Topps,tp,tp_2025_US_#US135,2025,Topps Update Series,US,"Hobby, Jumbo, Blasters",#US135,Landen Roupp,San Francisco Giants,,,base,,1,,所持中,2025-11-21,"17,380円 / Hobby Box",topps.jp で購入した初Box。
212,Topps,tp,tp_2025_US_#US136,2025,Topps Update Series,US,"Hobby, Jumbo, Blasters",#US136,Kyle Hendricks,Los Angeles Angels,,,base,,1,,所持中,2025-11-21,"17,380円 / Hobby Box",topps.jp で購入した初Box。
,Topps,tp,tp_2025_US_#US137,2025,Topps Update Series,US,"Hobby, Jumbo, Blasters",#US137,,,,,base,,,,,,,
,Topps,tp,tp_2025_US_#US138,2025,Topps Update Series,US,"Hobby, Jumbo, Blasters",#US138,,,,,base,,,,,,,
,Topps,tp,tp_2025_US_#US139,2025,Topps Update Series,US,"Hobby, Jumbo, Blasters",#US139,,,,,base,,,,,,,
66,Topps,tp,tp_2025_US_#US140,2025,Topps Update Series,US,"Hobby, Jumbo, Blasters",#US140,Cade Horton,Chicago Cubs,RC,,base,,1,,所持中,2025-11-21,"17,380円 / Hobby Box",topps.jp で購入した初Box。
,Topps,tp,tp_2025_US_#US141,2025,Topps Update Series,US,"Hobby, Jumbo, Blasters",#US141,,,,,base,,,,,,,
163,Topps,tp,tp_2025_US_#US142,2025,Topps Update Series,US,"Hobby, Jumbo, Blasters",#US142,Johnathan Rodriguez,Cleveland Guardians,,,base,,1,,所持中,2025-11-21,"17,380円 / Hobby Box",topps.jp で購入した初Box。
203,Topps,tp,tp_2025_US_#US143,2025,Topps Update Series,US,"Hobby, Jumbo, Blasters",#US143,CJ Alexander,Athletics,RC,,base,,1,,所持中,2025-11-21,"17,380円 / Hobby Box",topps.jp で購入した初Box。
48,Topps,tp,tp_2025_US_#US144,2025,Topps Update Series,US,"Hobby, Jumbo, Blasters",#US144,Jonathan Bermudez,Miami Marlins,RC,,base,,1,,所持中,2025-11-21,"17,380円 / Hobby Box",topps.jp で購入した初Box。
180,Topps,tp,tp_2025_US_#US145,2025,Topps Update Series,US,"Hobby, Jumbo, Blasters",#US145,Edgar Quero,Chicago White Sox,RC,,base,,1,,所持中,2025-11-21,"17,380円 / Hobby Box",topps.jp で購入した初Box。
134,Topps,tp,tp_2025_US_#US146,2025,Topps Update Series,US,"Hobby, Jumbo, Blasters",#US146,Kade Strowd,Baltimore Orioles,RC,,base,,1,,所持中,2025-11-21,"17,380円 / Hobby Box",topps.jp で購入した初Box。
,Topps,tp,tp_2025_US_#US147,2025,Topps Update Series,US,"Hobby, Jumbo, Blasters",#US147,,,,,base,,,,,,,
,Topps,tp,tp_2025_US_#US148,2025,Topps Update Series,US,"Hobby, Jumbo, Blasters",#US148,,,,,base,,,,,,,
193,Topps,tp,tp_2025_US_#US149,2025,Topps Update Series,US,"Hobby, Jumbo, Blasters",#US149,Victor Caratini,Houston Astros,,,base,,1,,所持中,2025-11-21,"17,380円 / Hobby Box",topps.jp で購入した初Box。
89,Topps,tp,tp_2025_US_#US150,2025,Topps Update Series,US,"Hobby, Jumbo, Blasters",#US150,Santiago Espinal,Cincinnati Reds,,,base,,1,,所持中,2025-11-21,"17,380円 / Hobby Box",topps.jp で購入した初Box。
,Topps,tp,tp_2025_US_#US151,2025,Topps Update Series,US,"Hobby, Jumbo, Blasters",#US151,,,,,base,,,,,,,
226,Topps,tp,tp_2025_US_#US152,2025,Topps Update Series,US,"Hobby, Jumbo, Blasters",#US152,Tyler Mahle,Texas Rangers,,,base,,1,,所持中,2025-11-21,"17,380円 / Hobby Box",topps.jp で購入した初Box。
,Topps,tp,tp_2025_US_#US153,2025,Topps Update Series,US,"Hobby, Jumbo, Blasters",#US153,,,,,base,,,,,,,
,Topps,tp,tp_2025_US_#US154,2025,Topps Update Series,US,"Hobby, Jumbo, Blasters",#US154,,,,,base,,,,,,,
,Topps,tp,tp_2025_US_#US155,2025,Topps Update Series,US,"Hobby, Jumbo, Blasters",#US155,,,,,base,,,,,,,
,Topps,tp,tp_2025_US_#US156,2025,Topps Update Series,US,"Hobby, Jumbo, Blasters",#US156,,,,,base,,,,,,,
194,Topps,tp,tp_2025_US_#US157,2025,Topps Update Series,US,"Hobby, Jumbo, Blasters",#US157,Colton Gordon,Houston Astros,RC,,base,,1,,所持中,2025-11-21,"17,380円 / Hobby Box",topps.jp で購入した初Box。
,Topps,tp,tp_2025_US_#US158,2025,Topps Update Series,US,"Hobby, Jumbo, Blasters",#US158,,,,,base,,,,,,,
,Topps,tp,tp_2025_US_#US159,2025,Topps Update Series,US,"Hobby, Jumbo, Blasters",#US159,,,,,base,,,,,,,
101,Topps,tp,tp_2025_US_#US160,2025,Topps Update Series,US,"Hobby, Jumbo, Blasters",#US160,Wilmer Flores,San Francisco Giants,,,base,,1,,所持中,2025-11-21,"17,380円 / Hobby Box",topps.jp で購入した初Box。
,Topps,tp,tp_2025_US_#US161,2025,Topps Update Series,US,"Hobby, Jumbo, Blasters",#US161,,,,,base,,,,,,,
,Topps,tp,tp_2025_US_#US162,2025,Topps Update Series,US,"Hobby, Jumbo, Blasters",#US162,,,,,base,,,,,,,
,Topps,tp,tp_2025_US_#US163,2025,Topps Update Series,US,"Hobby, Jumbo, Blasters",#US163,,,,,base,,,,,,,
,Topps,tp,tp_2025_US_#US164,2025,Topps Update Series,US,"Hobby, Jumbo, Blasters",#US164,,,,,base,,,,,,,
227,Topps,tp,tp_2025_US_#US165,2025,Topps Update Series,US,"Hobby, Jumbo, Blasters",#US165,Jack Leiter,Texas Rangers,,,base,,1,,所持中,2025-11-21,"17,380円 / Hobby Box",topps.jp で購入した初Box。
111,Topps,tp,tp_2025_US_#US166,2025,Topps Update Series,US,"Hobby, Jumbo, Blasters",#US166,Miguel Rojas,Los Angeles Dodgers,,,base,,1,,所持中,2025-11-21,"17,380円 / Hobby Box",topps.jp で購入した初Box。
170,Topps,tp,tp_2025_US_#US167,2025,Topps Update Series,US,"Hobby, Jumbo, Blasters",#US167,Chase Lee,Detroit Tigers,RC,,base,,1,,所持中,2025-11-21,"17,380円 / Hobby Box",topps.jp で購入した初Box。
90,Topps,tp,tp_2025_US_#US168,2025,Topps Update Series,US,"Hobby, Jumbo, Blasters",#US168,Eric Yang,Cincinnati Reds,RC,,base,,1,,所持中,2025-11-21,"17,380円 / Hobby Box",topps.jp で購入した初Box。
,Topps,tp,tp_2025_US_#US169,2025,Topps Update Series,US,"Hobby, Jumbo, Blasters",#US169,,,,,base,,,,,,,
,Topps,tp,tp_2025_US_#US170,2025,Topps Update Series,US,"Hobby, Jumbo, Blasters",#US170,,,,,base,,,,,,,
,Topps,tp,tp_2025_US_#US171,2025,Topps Update Series,US,"Hobby, Jumbo, Blasters",#US171,,,,,base,,,,,,,
33,Topps,tp,tp_2025_US_#US172,2025,Topps Update Series,US,"Hobby, Jumbo, Blasters",#US172,Daylen Lile,Washington Nationals,RC,,base,,1,,所持中,2025-11-21,"17,380円 / Hobby Box",topps.jp で購入した初Box。
147,Topps,tp,tp_2025_US_#US173,2025,Topps Update Series,US,"Hobby, Jumbo, Blasters",#US173,Mark Leiter Jr.,New York Yankees,,,base,,2,,所持中,2025-11-21,"17,380円 / Hobby Box",topps.jp で購入した初Box。
,Topps,tp,tp_2025_US_#US174,2025,Topps Update Series,US,"Hobby, Jumbo, Blasters",#US174,,,,,base,,,,,,,
188,Topps,tp,tp_2025_US_#US175,2025,Topps Update Series,US,"Hobby, Jumbo, Blasters",#US175,Jonathan India,Kansas City Royals,,,base,,1,,所持中,2025-11-21,"17,380円 / Hobby Box",topps.jp で購入した初Box。
,Topps,tp,tp_2025_US_#US176,2025,Topps Update Series,US,"Hobby, Jumbo, Blasters",#US176,,,,,base,,,,,,,
195,Topps,tp,tp_2025_US_#US177,2025,Topps Update Series,US,"Hobby, Jumbo, Blasters",#US177,AJ Blubaugh,Houston Astros,RC,,base,,1,,所持中,2025-11-21,"17,380円 / Hobby Box",topps.jp で購入した初Box。
,Topps,tp,tp_2025_US_#US178,2025,Topps Update Series,US,"Hobby, Jumbo, Blasters",#US178,,,,,base,,,,,,,
102,Topps,tp,tp_2025_US_#US179,2025,Topps Update Series,US,"Hobby, Jumbo, Blasters",#US179,Ryan Walker,San Francisco Giants,,,base,,1,,所持中,2025-11-21,"17,380円 / Hobby Box",topps.jp で購入した初Box。
,Topps,tp,tp_2025_US_#US180,2025,Topps Update Series,US,"Hobby, Jumbo, Blasters",#US180,,,,,base,,,,,,,
,Topps,tp,tp_2025_US_#US181,2025,Topps Update Series,US,"Hobby, Jumbo, Blasters",#US181,,,,,base,,,,,,,
,Topps,tp,tp_2025_US_#US182,2025,Topps Update Series,US,"Hobby, Jumbo, Blasters",#US182,,,,,base,,,,,,,
,Topps,tp,tp_2025_US_#US183,2025,Topps Update Series,US,"Hobby, Jumbo, Blasters",#US183,,,,,base,,,,,,,
39,Topps,tp,tp_2025_US_#US184,2025,Topps Update Series,US,"Hobby, Jumbo, Blasters",#US184,Bryce Harper,Philadelphia Phillies,SHC,,base,,1,,所持中,2025-11-21,"17,380円 / Hobby Box",topps.jp で購入した初Box。
62,Topps,tp,tp_2025_US_#US185,2025,Topps Update Series,US,"Hobby, Jumbo, Blasters",#US185,Matthew Liberatore,St. Louis Cardinals,,,base,,1,,所持中,2025-11-21,"17,380円 / Hobby Box",topps.jp で購入した初Box。
34,Topps,tp,tp_2025_US_#US186,2025,Topps Update Series,US,"Hobby, Jumbo, Blasters",#US186,Cole Henry,Washington Nationals,RC,,base,,1,,所持中,2025-11-21,"17,380円 / Hobby Box",topps.jp で購入した初Box。
213,Topps,tp,tp_2025_US_#US187,2025,Topps Update Series,US,"Hobby, Jumbo, Blasters",#US187,Caden Dana,Los Angeles Angels,RC,,base,,1,,所持中,2025-11-21,"17,380円 / Hobby Box",topps.jp で購入した初Box。
49,Topps,tp,tp_2025_US_#US188,2025,Topps Update Series,US,"Hobby, Jumbo, Blasters",#US188,Graham Pauley,Miami Marlins,,,base,,1,,所持中,2025-11-21,"17,380円 / Hobby Box",topps.jp で購入した初Box。
43,Topps,tp,tp_2025_US_#US189,2025,Topps Update Series,US,"Hobby, Jumbo, Blasters",#US189,Eli White,Atlanta Braves,,,base,,1,,所持中,2025-11-21,"17,380円 / Hobby Box",topps.jp で購入した初Box。
76,Topps,tp,tp_2025_US_#US190,2025,Topps Update Series,US,"Hobby, Jumbo, Blasters",#US190,Matt Gorski,Pittsburgh Pirates,RC,,base,,1,,所持中,2025-11-21,"17,380円 / Hobby Box",topps.jp で購入した初Box。
50,Topps,tp,tp_2025_US_#US191,2025,Topps Update Series,US,"Hobby, Jumbo, Blasters",#US191,Cal Quantrill,Miami Marlins,,,base,,1,,所持中,2025-11-21,"17,380円 / Hobby Box",topps.jp で購入した初Box。
189,Topps,tp,tp_2025_US_#US192,2025,Topps Update Series,US,"Hobby, Jumbo, Blasters",#US192,John Rave,Kansas City Royals,RC,,base,,1,,所持中,2025-11-21,"17,380円 / Hobby Box",topps.jp で購入した初Box。
171,Topps,tp,tp_2025_US_#US193,2025,Topps Update Series,US,"Hobby, Jumbo, Blasters",#US193,Jackson Jobe,Detroit Tigers,RC,,base,,1,,所持中,2025-11-21,"17,380円 / Hobby Box",topps.jp で購入した初Box。
40,Topps,tp,tp_2025_US_#US194,2025,Topps Update Series,US,"Hobby, Jumbo, Blasters",#US194,Max Lazar,Philadelphia Phillies,RC,,base,,1,,所持中,2025-11-21,"17,380円 / Hobby Box",topps.jp で購入した初Box。
,Topps,tp,tp_2025_US_#US195,2025,Topps Update Series,US,"Hobby, Jumbo, Blasters",#US195,,,,,base,,,,,,,
,Topps,tp,tp_2025_US_#US196,2025,Topps Update Series,US,"Hobby, Jumbo, Blasters",#US196,,,,,base,,,,,,,
,Topps,tp,tp_2025_US_#US197,2025,Topps Update Series,US,"Hobby, Jumbo, Blasters",#US197,,,,,base,,,,,,,
172,Topps,tp,tp_2025_US_#US198,2025,Topps Update Series,US,"Hobby, Jumbo, Blasters",#US198,Bryan Sammons,Detroit Tigers,RC,,base,,1,,所持中,2025-11-21,"17,380円 / Hobby Box",topps.jp で購入した初Box。
112,Topps,tp,tp_2025_US_#US199,2025,Topps Update Series,US,"Hobby, Jumbo, Blasters",#US199,Roki Sasaki,Los Angeles Dodgers,RC,,base,,1,,所持中,2025-11-21,"17,380円 / Hobby Box",topps.jp で購入した初Box。
,Topps,tp,tp_2025_US_#US200,2025,Topps Update Series,US,"Hobby, Jumbo, Blasters",#US200,,,,,base,,,,,,,
,Topps,tp,tp_2025_US_#US201,2025,Topps Update Series,US,"Hobby, Jumbo, Blasters",#US201,,,,,base,,,,,,,
,Topps,tp,tp_2025_US_#US202,2025,Topps Update Series,US,"Hobby, Jumbo, Blasters",#US202,,,,,base,,,,,,,
,Topps,tp,tp_2025_US_#US203,2025,Topps Update Series,US,"Hobby, Jumbo, Blasters",#US203,,,,,base,,,,,,,
77,Topps,tp,tp_2025_US_#US204,2025,Topps Update Series,US,"Hobby, Jumbo, Blasters",#US204,Alexander Canario,Pittsburgh Pirates,,,base,,1,,所持中,2025-11-21,"17,380円 / Hobby Box",topps.jp で購入した初Box。
228,Topps,tp,tp_2025_US_#US205,2025,Topps Update Series,US,"Hobby, Jumbo, Blasters",#US205,Blaine Crim,Texas Rangers,,,base,,1,,所持中,2025-11-21,"17,380円 / Hobby Box",topps.jp で購入した初Box。
164,Topps,tp,tp_2025_US_#US206,2025,Topps Update Series,US,"Hobby, Jumbo, Blasters",#US206,Gabriel Arias,Cleveland Guardians,,,base,,2,,所持中,2025-11-21,"17,380円 / Hobby Box",topps.jp で購入した初Box。
229,Topps,tp,tp_2025_US_#US207,2025,Topps Update Series,US,"Hobby, Jumbo, Blasters",#US207,Kyle Higashioka,Texas Rangers,,,base,,1,,所持中,2025-11-21,"17,380円 / Hobby Box",topps.jp で購入した初Box。
175,Topps,tp,tp_2025_US_#US208,2025,Topps Update Series,US,"Hobby, Jumbo, Blasters",#US208,Kody Clemens,Minnesota Twins,,,base,,1,,所持中,2025-11-21,"17,380円 / Hobby Box",topps.jp で購入した初Box。
190,Topps,tp,tp_2025_US_#US209,2025,Topps Update Series,US,"Hobby, Jumbo, Blasters",#US209,"MJ Melendez, Bobby Witt Jr.",Kansas City Royals,CC,,base,,1,,所持中,2025-11-21,"17,380円 / Hobby Box",topps.jp で購入した初Box。
135,Topps,tp,tp_2025_US_#US210,2025,Topps Update Series,US,"Hobby, Jumbo, Blasters",#US210,Yaramil Hiraldo,Baltimore Orioles,RC,,base,,1,,所持中,2025-11-21,"17,380円 / Hobby Box",topps.jp で購入した初Box。
,Topps,tp,tp_2025_US_#US211,2025,Topps Update Series,US,"Hobby, Jumbo, Blasters",#US211,,,,,base,,,,,,,
152,Topps,tp,tp_2025_US_#US212,2025,Topps Update Series,US,"Hobby, Jumbo, Blasters",#US212,Eric Orze,Tampa Bay Rays,RC,,base,,1,,所持中,2025-11-21,"17,380円 / Hobby Box",topps.jp で購入した初Box。
204,Topps,tp,tp_2025_US_#US213,2025,Topps Update Series,US,"Hobby, Jumbo, Blasters",#US213,Logan Davidson,Athletics,RC,,base,,1,,所持中,2025-11-21,"17,380円 / Hobby Box",topps.jp で購入した初Box。
67,Topps,tp,tp_2025_US_#US214,2025,Topps Update Series,US,"Hobby, Jumbo, Blasters",#US214,Cade Horton,Chicago Cubs,RC,,base,,1,,所持中,2025-11-21,"17,380円 / Hobby Box",topps.jp で購入した初Box。
,Topps,tp,tp_2025_US_#US215,2025,Topps Update Series,US,"Hobby, Jumbo, Blasters",#US215,,,,,base,,,,,,,
44,Topps,tp,tp_2025_US_#US216,2025,Topps Update Series,US,"Hobby, Jumbo, Blasters",#US216,Naithan Wiles,Atlanta Braves,RC,,base,,1,,所持中,2025-11-21,"17,380円 / Hobby Box",topps.jp で購入した初Box。
121,Topps,tp,tp_2025_US_#US217,2025,Topps Update Series,US,"Hobby, Jumbo, Blasters",#US217,Fernando Tatis Jr.,San Diego Padres,SHC,,base,,1,,所持中,2025-11-21,"17,380円 / Hobby Box",topps.jp で購入した初Box。
35,Topps,tp,tp_2025_US_#US218,2025,Topps Update Series,US,"Hobby, Jumbo, Blasters",#US218,James Wood,Washington Nationals,RC,,base,,1,,所持中,2025-11-21,"17,380円 / Hobby Box",topps.jp で購入した初Box。
,Topps,tp,tp_2025_US_#US219,2025,Topps Update Series,US,"Hobby, Jumbo, Blasters",#US219,,,,,base,,,,,,,
,Topps,tp,tp_2025_US_#US220,2025,Topps Update Series,US,"Hobby, Jumbo, Blasters",#US220,,,,,base,,,,,,,
,Topps,tp,tp_2025_US_#US221,2025,Topps Update Series,US,"Hobby, Jumbo, Blasters",#US221,,,,,base,,,,,,,
,Topps,tp,tp_2025_US_#US222,2025,Topps Update Series,US,"Hobby, Jumbo, Blasters",#US222,,,,,base,,,,,,,
,Topps,tp,tp_2025_US_#US223,2025,Topps Update Series,US,"Hobby, Jumbo, Blasters",#US223,,,,,base,,,,,,,
,Topps,tp,tp_2025_US_#US224,2025,Topps Update Series,US,"Hobby, Jumbo, Blasters",#US224,,,,,base,,,,,,,
122,Topps,tp,tp_2025_US_#US225,2025,Topps Update Series,US,"Hobby, Jumbo, Blasters",#US225,Gavin Sheets,San Diego Padres,,,base,,1,,所持中,2025-11-21,"17,380円 / Hobby Box",topps.jp で購入した初Box。
220,Topps,tp,tp_2025_US_#US226,2025,Topps Update Series,US,"Hobby, Jumbo, Blasters",#US226,Tayler Saucedo,Seattle Mariners,,,base,,1,,所持中,2025-11-21,"17,380円 / Hobby Box",topps.jp で購入した初Box。
230,Topps,tp,tp_2025_US_#US227,2025,Topps Update Series,US,"Hobby, Jumbo, Blasters",#US227,Marc Church,Texas Rangers,RC,,base,,1,,所持中,2025-11-21,"17,380円 / Hobby Box",topps.jp で購入した初Box。
51,Topps,tp,tp_2025_US_#US228,2025,Topps Update Series,US,"Hobby, Jumbo, Blasters",#US228,Dane Myers,Miami Marlins,,,base,,1,,所持中,2025-11-21,"17,380円 / Hobby Box",topps.jp で購入した初Box。
,Topps,tp,tp_2025_US_#US229,2025,Topps Update Series,US,"Hobby, Jumbo, Blasters",#US229,,,,,base,,,,,,,
,Topps,tp,tp_2025_US_#US230,2025,Topps Update Series,US,"Hobby, Jumbo, Blasters",#US230,,,,,base,,,,,,,
153,Topps,tp,tp_2025_US_#US231,2025,Topps Update Series,US,"Hobby, Jumbo, Blasters",#US231,Hunter Bigge,Tampa Bay Rays,RC,,base,,1,,所持中,2025-11-21,"17,380円 / Hobby Box",topps.jp で購入した初Box。
235,Topps,tp,tp_2025_US_#US232,2025,Topps Update Series,US,"Hobby, Jumbo, Blasters",#US232,Juan Morillo,Arizona Diamondbacks,RC,Rainbow,base,,1,,所持中,2025-11-21,"17,380円 / Hobby Box",topps.jp で購入した初Box。
,Topps,tp,tp_2025_US_#US233,2025,Topps Update Series,US,"Hobby, Jumbo, Blasters",#US233,,,,,base,,,,,,,
148,Topps,tp,tp_2025_US_#US234,2025,Topps Update Series,US,"Hobby, Jumbo, Blasters",#US234,Bryan De La Cruz,New York Yankees,,,base,,1,,所持中,2025-11-21,"17,380円 / Hobby Box",topps.jp で購入した初Box。
,Topps,tp,tp_2025_US_#US235,2025,Topps Update Series,US,"Hobby, Jumbo, Blasters",#US235,,,,,base,,,,,,,
,Topps,tp,tp_2025_US_#US236,2025,Topps Update Series,US,"Hobby, Jumbo, Blasters",#US236,,,,,base,,,,,,,
,Topps,tp,tp_2025_US_#US237,2025,Topps Update Series,US,"Hobby, Jumbo, Blasters",#US237,,,,,base,,,,,,,
,Topps,tp,tp_2025_US_#US238,2025,Topps Update Series,US,"Hobby, Jumbo, Blasters",#US238,,,,,base,,,,,,,
113,Topps,tp,tp_2025_US_#US239,2025,Topps Update Series,US,"Hobby, Jumbo, Blasters",#US239,Alex Vesia,Los Angeles Dodgers,,,base,,1,,所持中,2025-11-21,"17,380円 / Hobby Box",topps.jp で購入した初Box。
103,Topps,tp,tp_2025_US_#US240,2025,Topps Update Series,US,"Hobby, Jumbo, Blasters",#US240,Randy Rodriguez,San Francisco Giants,,,base,,1,,所持中,2025-11-21,"17,380円 / Hobby Box",topps.jp で購入した初Box。
,Topps,tp,tp_2025_US_#US241,2025,Topps Update Series,US,"Hobby, Jumbo, Blasters",#US241,,,,,base,,,,,,,
136,Topps,tp,tp_2025_US_#US242,2025,Topps Update Series,US,"Hobby, Jumbo, Blasters",#US242,Charlie Morton,Baltimore Orioles,,,base,,1,,所持中,2025-11-21,"17,380円 / Hobby Box",topps.jp で購入した初Box。
,Topps,tp,tp_2025_US_#US243,2025,Topps Update Series,US,"Hobby, Jumbo, Blasters",#US243,,,,,base,,,,,,,
,Topps,tp,tp_2025_US_#US244,2025,Topps Update Series,US,"Hobby, Jumbo, Blasters",#US244,,,,,base,,,,,,,
58,Topps,tp,tp_2025_US_#US245,2025,Topps Update Series,US,"Hobby, Jumbo, Blasters",#US245,Clay Holmes,New York Mets,,,base,,1,,所持中,2025-11-21,"17,380円 / Hobby Box",topps.jp で購入した初Box。
,Topps,tp,tp_2025_US_#US246,2025,Topps Update Series,US,"Hobby, Jumbo, Blasters",#US246,,,,,base,,,,,,,
173,Topps,tp,tp_2025_US_#US247,2025,Topps Update Series,US,"Hobby, Jumbo, Blasters",#US247,Tyler Owens,Detroit Tigers,RC,,base,,1,,所持中,2025-11-21,"17,380円 / Hobby Box",topps.jp で購入した初Box。
68,Topps,tp,tp_2025_US_#US248,2025,Topps Update Series,US,"Hobby, Jumbo, Blasters",#US248,Justin Steele,Chicago Cubs,,,base,,1,,所持中,2025-11-21,"17,380円 / Hobby Box",topps.jp で購入した初Box。
,Topps,tp,tp_2025_US_#US249,2025,Topps Update Series,US,"Hobby, Jumbo, Blasters",#US249,,,,,base,,,,,,,
205,Topps,tp,tp_2025_US_#US250,2025,Topps Update Series,US,"Hobby, Jumbo, Blasters",#US250,Max Muncy,Athletics,RC,,base,,1,,所持中,2025-11-21,"17,380円 / Hobby Box",topps.jp で購入した初Box。
143,Topps,tp,tp_2025_US_#US251,2025,Topps Update Series,US,"Hobby, Jumbo, Blasters",#US251,Alan Roden,Toronto Blue Jays,RC,,base,,1,,所持中,2025-11-21,"17,380円 / Hobby Box",topps.jp で購入した初Box。
,Topps,tp,tp_2025_US_#US252,2025,Topps Update Series,US,"Hobby, Jumbo, Blasters",#US252,,,,,base,,,,,,,
181,Topps,tp,tp_2025_US_#US253,2025,Topps Update Series,US,"Hobby, Jumbo, Blasters",#US253,Caleb Freeman,Chicago White Sox,RC,,base,,1,,所持中,2025-11-21,"17,380円 / Hobby Box",topps.jp で購入した初Box。
206,Topps,tp,tp_2025_US_#US254,2025,Topps Update Series,US,"Hobby, Jumbo, Blasters",#US254,Gunnar Hoglund,Athletics,RC,,base,,1,,所持中,2025-11-21,"17,380円 / Hobby Box",topps.jp で購入した初Box。
165,Topps,tp,tp_2025_US_#US255,2025,Topps Update Series,US,"Hobby, Jumbo, Blasters",#US255,Will Wilson,Cleveland Guardians,RC,,base,,1,,所持中,2025-11-21,"17,380円 / Hobby Box",topps.jp で購入した初Box。
114,Topps,tp,tp_2025_US_#US256,2025,Topps Update Series,US,"Hobby, Jumbo, Blasters",#US256,Dalton Rushing,Los Angeles Dodgers,RC,,base,,1,,所持中,2025-11-21,"17,380円 / Hobby Box",topps.jp で購入した初Box。
,Topps,tp,tp_2025_US_#US257,2025,Topps Update Series,US,"Hobby, Jumbo, Blasters",#US257,,,,,base,,,,,,,
149,Topps,tp,tp_2025_US_#US258,2025,Topps Update Series,US,"Hobby, Jumbo, Blasters",#US258,Jorbit Vivas,New York Yankees,RC,,base,,1,,所持中,2025-11-21,"17,380円 / Hobby Box",topps.jp で購入した初Box。
,Topps,tp,tp_2025_US_#US259,2025,Topps Update Series,US,"Hobby, Jumbo, Blasters",#US259,,,,,base,,,,,,,
,Topps,tp,tp_2025_US_#US260,2025,Topps Update Series,US,"Hobby, Jumbo, Blasters",#US260,,,,,base,,,,,,,
84,Topps,tp,tp_2025_US_#US261,2025,Topps Update Series,US,"Hobby, Jumbo, Blasters",#US261,Craig Yoho,Milwaukee Brewers,RC,,base,,1,,所持中,2025-11-21,"17,380円 / Hobby Box",topps.jp で購入した初Box。
69,Topps,tp,tp_2025_US_#US262,2025,Topps Update Series,US,"Hobby, Jumbo, Blasters",#US262,Moises Ballesteros,Chicago Cubs,RC,,base,,2,,所持中,2025-11-21,"17,380円 / Hobby Box",topps.jp で購入した初Box。
123,Topps,tp,tp_2025_US_#US263,2025,Topps Update Series,US,"Hobby, Jumbo, Blasters",#US263,Jeremiah Estrada,San Diego Padres,,,base,,1,,所持中,2025-11-21,"17,380円 / Hobby Box",topps.jp で購入した初Box。
231,Topps,tp,tp_2025_US_#US264,2025,Topps Update Series,US,"Hobby, Jumbo, Blasters",#US264,Kumar Docker,Texas Rangers,RC,,base,,1,,所持中,2025-11-21,"17,380円 / Hobby Box",topps.jp で購入した初Box。
,Topps,tp,tp_2025_US_#US265,2025,Topps Update Series,US,"Hobby, Jumbo, Blasters",#US265,,,,,base,,,,,,,
78,Topps,tp,tp_2025_US_#US266,2025,Topps Update Series,US,"Hobby, Jumbo, Blasters",#US266,Tommy Pham,Pittsburgh Pirates,,,base,,1,,所持中,2025-11-21,"17,380円 / Hobby Box",topps.jp で購入した初Box。
,Topps,tp,tp_2025_US_#US267,2025,Topps Update Series,US,"Hobby, Jumbo, Blasters",#US267,,,,,base,,,,,,,
176,Topps,tp,tp_2025_US_#US268,2025,Topps Update Series,US,"Hobby, Jumbo, Blasters",#US268,Ty France,Minnesota Twins,,,base,,1,,所持中,2025-11-21,"17,380円 / Hobby Box",topps.jp で購入した初Box。
115,Topps,tp,tp_2025_US_#US269,2025,Topps Update Series,US,"Hobby, Jumbo, Blasters",#US269,"Shohei Ohtani, Roki Sasaki",Los Angeles Dodgers,CC,,base,,1,,所持中,2025-11-21,"17,380円 / Hobby Box",topps.jp で購入した初Box。
,Topps,tp,tp_2025_US_#US270,2025,Topps Update Series,US,"Hobby, Jumbo, Blasters",#US270,,,,,base,,,,,,,
59,Topps,tp,tp_2025_US_#US271,2025,Topps Update Series,US,"Hobby, Jumbo, Blasters",#US271,Tylor Megill,New York Mets,,,base,,1,,所持中,2025-11-21,"17,380円 / Hobby Box",topps.jp で購入した初Box。
,Topps,tp,tp_2025_US_#US272,2025,Topps Update Series,US,"Hobby, Jumbo, Blasters",#US272,,,,,base,,,,,,,
79,Topps,tp,tp_2025_US_#US273,2025,Topps Update Series,US,"Hobby, Jumbo, Blasters",#US273,Thomas Harrington,Pittsburgh Pirates,RC,,base,,1,,所持中,2025-11-21,"17,380円 / Hobby Box",topps.jp で購入した初Box。
137,Topps,tp,tp_2025_US_#US274,2025,Topps Update Series,US,"Hobby, Jumbo, Blasters",#US274,Maverick Handley,Baltimore Orioles,RC,,base,,1,,所持中,2025-11-21,"17,380円 / Hobby Box",topps.jp で購入した初Box。
91,Topps,tp,tp_2025_US_#US275,2025,Topps Update Series,US,"Hobby, Jumbo, Blasters",#US275,Chase Petty,Cincinnati Reds,RC,,base,,1,,所持中,2025-11-21,"17,380円 / Hobby Box",topps.jp で購入した初Box。
,Topps,tp,tp_2025_US_#US276,2025,Topps Update Series,US,"Hobby, Jumbo, Blasters",#US276,,,,,base,,,,,,,
,Topps,tp,tp_2025_US_#US277,2025,Topps Update Series,US,"Hobby, Jumbo, Blasters",#US277,,,,,base,,,,,,,
182,Topps,tp,tp_2025_US_#US278,2025,Topps Update Series,US,"Hobby, Jumbo, Blasters",#US278,Shane Smith,Chicago White Sox,RC,,base,,2,,所持中,2025-11-21,"17,380円 / Hobby Box",topps.jp で購入した初Box。
177,Topps,tp,tp_2025_US_#US279,2025,Topps Update Series,US,"Hobby, Jumbo, Blasters",#US279,Carson McCusker,Minnesota Twins,RC,,base,,1,,所持中,2025-11-21,"17,380円 / Hobby Box",topps.jp で購入した初Box。
92,Topps,tp,tp_2025_US_#US280,2025,Topps Update Series,US,"Hobby, Jumbo, Blasters",#US280,Evan Kravetz,Cincinnati Reds,RC,,base,,1,,所持中,2025-11-21,"17,380円 / Hobby Box",topps.jp で購入した初Box。
,Topps,tp,tp_2025_US_#US281,2025,Topps Update Series,US,"Hobby, Jumbo, Blasters",#US281,,,,,base,,,,,,,
138,Topps,tp,tp_2025_US_#US282,2025,Topps Update Series,US,"Hobby, Jumbo, Blasters",#US282,Coby Mayo,Baltimore Orioles,RC,,base,,1,,所持中,2025-11-21,"17,380円 / Hobby Box",topps.jp で購入した初Box。
207,Topps,tp,tp_2025_US_#US283,2025,Topps Update Series,US,"Hobby, Jumbo, Blasters",#US283,Jeffrey Springs,Athletics,,,base,,1,,所持中,2025-11-21,"17,380円 / Hobby Box",topps.jp で購入した初Box。
166,Topps,tp,tp_2025_US_#US284,2025,Topps Update Series,US,"Hobby, Jumbo, Blasters",#US284,Erik Sabrowski,Cleveland Guardians,RC,,base,,1,,所持中,2025-11-21,"17,380円 / Hobby Box",topps.jp で購入した初Box。
130,Topps,tp,tp_2025_US_#US285,2025,Topps Update Series,US,"Hobby, Jumbo, Blasters",#US285,Juan Mejia,Colorado Rockies,RC,,base,,1,,所持中,2025-11-21,"17,380円 / Hobby Box",topps.jp で購入した初Box。
,Topps,tp,tp_2025_US_#US286,2025,Topps Update Series,US,"Hobby, Jumbo, Blasters",#US286,,,,,base,,,,,,,
,Topps,tp,tp_2025_US_#US287,2025,Topps Update Series,US,"Hobby, Jumbo, Blasters",#US287,,,,,base,,,,,,,
,Topps,tp,tp_2025_US_#US288,2025,Topps Update Series,US,"Hobby, Jumbo, Blasters",#US288,,,,,base,,,,,,,
,Topps,tp,tp_2025_US_#US289,2025,Topps Update Series,US,"Hobby, Jumbo, Blasters",#US289,,,,,base,,,,,,,
,Topps,tp,tp_2025_US_#US290,2025,Topps Update Series,US,"Hobby, Jumbo, Blasters",#US290,,,,,base,,,,,,,
,Topps,tp,tp_2025_US_#US291,2025,Topps Update Series,US,"Hobby, Jumbo, Blasters",#US291,,,,,base,,,,,,,
,Topps,tp,tp_2025_US_#US292,2025,Topps Update Series,US,"Hobby, Jumbo, Blasters",#US292,,,,,base,,,,,,,
,Topps,tp,tp_2025_US_#US293,2025,Topps Update Series,US,"Hobby, Jumbo, Blasters",#US293,,,,,base,,,,,,,
,Topps,tp,tp_2025_US_#US294,2025,Topps Update Series,US,"Hobby, Jumbo, Blasters",#US294,,,,,base,,,,,,,
124,Topps,tp,tp_2025_US_#US295,2025,Topps Update Series,US,"Hobby, Jumbo, Blasters",#US295,Ryan Bergert,San Diego Padres,RC,,base,,1,,所持中,2025-11-21,"17,380円 / Hobby Box",topps.jp で購入した初Box。
,Topps,tp,tp_2025_US_#US296,2025,Topps Update Series,US,"Hobby, Jumbo, Blasters",#US296,,,,,base,,,,,,,
60,Topps,tp,tp_2025_US_#US297,2025,Topps Update Series,US,"Hobby, Jumbo, Blasters",#US297,Luis Torrens,New York Mets,,,base,,1,,所持中,2025-11-21,"17,380円 / Hobby Box",topps.jp で購入した初Box。
196,Topps,tp,tp_2025_US_#US298,2025,Topps Update Series,US,"Hobby, Jumbo, Blasters",#US298,Cam Smith,Houston Astros,RC,,base,,1,,所持中,2025-11-21,"17,380円 / Hobby Box",topps.jp で購入した初Box。
,Topps,tp,tp_2025_US_#US299,2025,Topps Update Series,US,"Hobby, Jumbo, Blasters",#US299,,,,,base,,,,,,,
104,Topps,tp,tp_2025_US_#US300,2025,Topps Update Series,US,"Hobby, Jumbo, Blasters",#US300,Rafael Devers,San Francisco Giants,,,base,,1,,所持中,2025-11-21,"17,380円 / Hobby Box",topps.jp で購入した初Box。
125,Topps,tp,tp_2025_US_#US301,2025,Topps Update Series,US,"Hobby, Jumbo, Blasters",#US301,Kyle Hart,San Diego Padres,RC,,base,,2,,所持中,2025-11-21,"17,380円 / Hobby Box",topps.jp で購入した初Box。
236,Topps,tp,tp_2025_US_#US301,2025,Topps Update Series,US,"Hobby, Jumbo, Blasters",#US301,Kyle Hart,San Diego Padres,RC,Gold,base,1544/2025,1,,所持中,2025-11-21,"17,380円 / Hobby Box",topps.jp で購入した初Box。
221,Topps,tp,tp_2025_US_#US302,2025,Topps Update Series,US,"Hobby, Jumbo, Blasters",#US302,Logan Evans,Seattle Mariners,RC,,base,,1,,所持中,2025-11-21,"17,380円 / Hobby Box",topps.jp で購入した初Box。
,Topps,tp,tp_2025_US_#US303,2025,Topps Update Series,US,"Hobby, Jumbo, Blasters",#US303,,,,,base,,,,,,,
232,Topps,tp,tp_2025_US_#US304,2025,Topps Update Series,US,"Hobby, Jumbo, Blasters",#US304,Daniel Robert,Texas Rangers,RC,,base,,1,,所持中,2025-11-21,"17,380円 / Hobby Box",topps.jp で購入した初Box。
52,Topps,tp,tp_2025_US_#US305,2025,Topps Update Series,US,"Hobby, Jumbo, Blasters",#US305,Derek Hill,Miami Marlins,,,base,,1,,所持中,2025-11-21,"17,380円 / Hobby Box",topps.jp で購入した初Box。
,Topps,tp,tp_2025_US_#US306,2025,Topps Update Series,US,"Hobby, Jumbo, Blasters",#US306,,,,,base,,,,,,,
237,Topps,tp,tp_2025_US_#US307,2025,Topps Update Series,US,"Hobby, Jumbo, Blasters",#US307,Chad Patrick,Milwaukee Brewers,RC,Purple Holo,base,006/250,1,,所持中,2025-11-21,"17,380円 / Hobby Box",topps.jp で購入した初Box。
178,Topps,tp,tp_2025_US_#US308,2025,Topps Update Series,US,"Hobby, Jumbo, Blasters",#US308,Ryan Fitzgerald,Minnesota Twins,RC,,base,,1,,所持中,2025-11-21,"17,380円 / Hobby Box",topps.jp で購入した初Box。
238,Topps,tp,tp_2025_US_#US309,2025,Topps Update Series,US,"Hobby, Jumbo, Blasters",#US309,"Dansby Swanson, Matt Shaw",Chicago Cubs,CC,Rainbow,base,,1,,所持中,2025-11-21,"17,380円 / Hobby Box",topps.jp で購入した初Box。
,Topps,tp,tp_2025_US_#US310,2025,Topps Update Series,US,"Hobby, Jumbo, Blasters",#US310,,,,,base,,,,,,,
233,Topps,tp,tp_2025_US_#US311,2025,Topps Update Series,US,"Hobby, Jumbo, Blasters",#US311,Kevin Pillar,Texas Rangers,,,base,,1,,所持中,2025-11-21,"17,380円 / Hobby Box",topps.jp で購入した初Box。
116,Topps,tp,tp_2025_US_#US312,2025,Topps Update Series,US,"Hobby, Jumbo, Blasters",#US312,Hyeseong Kim,Los Angeles Dodgers,RC,,base,,1,,所持中,2025-11-21,"17,380円 / Hobby Box",topps.jp で購入した初Box。
222,Topps,tp,tp_2025_US_#US313,2025,Topps Update Series,US,"Hobby, Jumbo, Blasters",#US313,Miles Mastrobuoni,Seattle Mariners,,,base,,1,,所持中,2025-11-21,"17,380円 / Hobby Box",topps.jp で購入した初Box。
214,Topps,tp,tp_2025_US_#US314,2025,Topps Update Series,US,"Hobby, Jumbo, Blasters",#US314,Matthew Lugo,Los Angeles Angels,RC,,base,,1,,所持中,2025-11-21,"17,380円 / Hobby Box",topps.jp で購入した初Box。
93,Topps,tp,tp_2025_US_#US315,2025,Topps Update Series,US,"Hobby, Jumbo, Blasters",#US315,Tyler Callihan,Cincinnati Reds,RC,,base,,1,,所持中,2025-11-21,"17,380円 / Hobby Box",topps.jp で購入した初Box。
154,Topps,tp,tp_2025_US_#US316,2025,Topps Update Series,US,"Hobby, Jumbo, Blasters",#US316,Drew Rasmussen,Tampa Bay Rays,,,base,,1,,所持中,2025-11-21,"17,380円 / Hobby Box",topps.jp で購入した初Box。
,Topps,tp,tp_2025_US_#US317,2025,Topps Update Series,US,"Hobby, Jumbo, Blasters",#US317,,,,,base,,,,,,,
94,Topps,tp,tp_2025_US_#US318,2025,Topps Update Series,US,"Hobby, Jumbo, Blasters",#US318,Rhett Lowder,Cincinnati Reds,RC,,base,,1,,所持中,2025-11-21,"17,380円 / Hobby Box",topps.jp で購入した初Box。
,Topps,tp,tp_2025_US_#US319,2025,Topps Update Series,US,"Hobby, Jumbo, Blasters",#US319,,,,,base,,,,,,,
,Topps,tp,tp_2025_US_#US320,2025,Topps Update Series,US,"Hobby, Jumbo, Blasters",#US320,,,,,base,,,,,,,
,Topps,tp,tp_2025_US_#US321,2025,Topps Update Series,US,"Hobby, Jumbo, Blasters",#US321,,,,,base,,,,,,,
,Topps,tp,tp_2025_US_#US322,2025,Topps Update Series,US,"Hobby, Jumbo, Blasters",#US322,,,,,base,,,,,,,
197,Topps,tp,tp_2025_US_#US323,2025,Topps Update Series,US,"Hobby, Jumbo, Blasters",#US323,Luis Contreras,Houston Astros,RC,,base,,1,,所持中,2025-11-21,"17,380円 / Hobby Box",topps.jp で購入した初Box。
,Topps,tp,tp_2025_US_#US324,2025,Topps Update Series,US,"Hobby, Jumbo, Blasters",#US324,,,,,base,,,,,,,
183,Topps,tp,tp_2025_US_#US325,2025,Topps Update Series,US,"Hobby, Jumbo, Blasters",#US325,Edgar Quero,Chicago White Sox,RC,,base,,1,,所持中,2025-11-21,"17,380円 / Hobby Box",topps.jp で購入した初Box。
85,Topps,tp,tp_2025_US_#US326,2025,Topps Update Series,US,"Hobby, Jumbo, Blasters",#US326,James Meeker,Milwaukee Brewers,RC,,base,,1,,所持中,2025-11-21,"17,380円 / Hobby Box",topps.jp で購入した初Box。
,Topps,tp,tp_2025_US_#US327,2025,Topps Update Series,US,"Hobby, Jumbo, Blasters",#US327,,,,,base,,,,,,,
105,Topps,tp,tp_2025_US_#US328,2025,Topps Update Series,US,"Hobby, Jumbo, Blasters",#US328,Camilo Doval,San Francisco Giants,,,base,,1,,所持中,2025-11-21,"17,380円 / Hobby Box",topps.jp で購入した初Box。
234,Topps,tp,tp_2025_US_#US329,2025,Topps Update Series,US,"Hobby, Jumbo, Blasters",#US329,Robert Garcia,Texas Rangers,,,base,,1,,所持中,2025-11-21,"17,380円 / Hobby Box",topps.jp で購入した初Box。
,Topps,tp,tp_2025_US_#US330,2025,Topps Update Series,US,"Hobby, Jumbo, Blasters",#US330,,,,,base,,,,,,,
95,Topps,tp,tp_2025_US_#US331,2025,Topps Update Series,US,"Hobby, Jumbo, Blasters",#US331,"Elly De La Cruz, Matt McLain",Cincinnati Reds,CC,,base,,1,,所持中,2025-11-21,"17,380円 / Hobby Box",topps.jp で購入した初Box。
53,Topps,tp,tp_2025_US_#US332,2025,Topps Update Series,US,"Hobby, Jumbo, Blasters",#US332,Agustin Ramirez,Miami Marlins,RC,,base,,2,,所持中,2025-11-21,"17,380円 / Hobby Box",topps.jp で購入した初Box。
,Topps,tp,tp_2025_US_#US333,2025,Topps Update Series,US,"Hobby, Jumbo, Blasters",#US333,,,,,base,,,,,,,
208,Topps,tp,tp_2025_US_#US334,2025,Topps Update Series,US,"Hobby, Jumbo, Blasters",#US334,Luis Urias,Athletics,,,base,,2,,所持中,2025-11-21,"17,380円 / Hobby Box",topps.jp で購入した初Box。
70,Topps,tp,tp_2025_US_#US335,2025,Topps Update Series,US,"Hobby, Jumbo, Blasters",#US335,Colin Rea,Chicago Cubs,,,base,,1,,所持中,2025-11-21,"17,380円 / Hobby Box",topps.jp で購入した初Box。
,Topps,tp,tp_2025_US_#US336,2025,Topps Update Series,US,"Hobby, Jumbo, Blasters",#US336,,,,,base,,,,,,,
184,Topps,tp,tp_2025_US_#US337,2025,Topps Update Series,US,"Hobby, Jumbo, Blasters",#US337,Chase Meidroth,Chicago White Sox,RC,,base,,1,,所持中,2025-11-21,"17,380円 / Hobby Box",topps.jp で購入した初Box。
215,Topps,tp,tp_2025_US_#US338,2025,Topps Update Series,US,"Hobby, Jumbo, Blasters",#US338,Jose Fermin,Los Angeles Angels,RC,,base,,1,,所持中,2025-11-21,"17,380円 / Hobby Box",topps.jp で購入した初Box。
,Topps,tp,tp_2025_US_#US339,2025,Topps Update Series,US,"Hobby, Jumbo, Blasters",#US339,,,,,base,,,,,,,
144,Topps,tp,tp_2025_US_#US340,2025,Topps Update Series,US,"Hobby, Jumbo, Blasters",#US340,Myles Straw,Toronto Blue Jays,,,base,,1,,所持中,2025-11-21,"17,380円 / Hobby Box",topps.jp で購入した初Box。
167,Topps,tp,tp_2025_US_#US341,2025,Topps Update Series,US,"Hobby, Jumbo, Blasters",#US341,Nolan Jones,Cleveland Guardians,,,base,,1,,所持中,2025-11-21,"17,380円 / Hobby Box",topps.jp で購入した初Box。
,Topps,tp,tp_2025_US_#US342,2025,Topps Update Series,US,"Hobby, Jumbo, Blasters",#US342,,,,,base,,,,,,,
216,Topps,tp,tp_2025_US_#US343,2025,Topps Update Series,US,"Hobby, Jumbo, Blasters",#US343,Jorge Soler,Los Angeles Angels,,,base,,1,,所持中,2025-11-21,"17,380円 / Hobby Box",topps.jp で購入した初Box。
96,Topps,tp,tp_2025_US_#US344,2025,Topps Update Series,US,"Hobby, Jumbo, Blasters",#US344,Brady Singer,Cincinnati Reds,,,base,,1,,所持中,2025-11-21,"17,380円 / Hobby Box",topps.jp で購入した初Box。
71,Topps,tp,tp_2025_US_#US345,2025,Topps Update Series,US,"Hobby, Jumbo, Blasters",#US345,Matt Shaw,Chicago Cubs,RC,,base,,1,,所持中,2025-11-21,"17,380円 / Hobby Box",topps.jp で購入した初Box。
,Topps,tp,tp_2025_US_#US346,2025,Topps Update Series,US,"Hobby, Jumbo, Blasters",#US346,,,,,base,,,,,,,
36,Topps,tp,tp_2025_US_#US347,2025,Topps Update Series,US,"Hobby, Jumbo, Blasters",#US347,Michael Soroka,Washington Nationals,,,base,,1,,所持中,2025-11-21,"17,380円 / Hobby Box",topps.jp で購入した初Box。
126,Topps,tp,tp_2025_US_#US348,2025,Topps Update Series,US,"Hobby, Jumbo, Blasters",#US348,David Morgan,San Diego Padres,RC,,base,,1,,所持中,2025-11-21,"17,380円 / Hobby Box",topps.jp で購入した初Box。
,Topps,tp,tp_2025_US_#US349,2025,Topps Update Series,US,"Hobby, Jumbo, Blasters",#US349,,,,,base,,,,,,,
145,Topps,tp,tp_2025_US_#US350,2025,Topps Update Series,US,"Hobby, Jumbo, Blasters",#US350,Paxton Schultz,Toronto Blue Jays,RC,,base,,1,,所持中,2025-11-21,"17,380円 / Hobby Box",topps.jp で購入した初Box。
261,Topps,tp,tp_2025_US_,2025,Topps Update Series,US,"Hobby, Jumbo, Blasters",,,,,,,,,,所持中,2025-11-21,"17,380円 / Hobby Box",topps.jp で購入した初Box。
262,Topps,tp,tp_2025_US_,2025,Topps Update Series,US,"Hobby, Jumbo, Blasters",,,,,,,,,,所持中,2025-11-21,"17,380円 / Hobby Box",topps.jp で購入した初Box。
263,Topps,tp,tp_2025_US_,2025,Topps Update Series,US,"Hobby, Jumbo, Blasters",,,,,,,,,,所持中,2025-11-21,"17,380円 / Hobby Box",topps.jp で購入した初Box。
264,Topps,tp,tp_2025_US_,2025,Topps Update Series,US,"Hobby, Jumbo, Blasters",,,,,,,,,,所持中,2025-11-21,"17,380円 / Hobby Box",topps.jp で購入した初Box。
265,Topps,tp,tp_2025_US_,2025,Topps Update Series,US,"Hobby, Jumbo, Blasters",,,,,,,,,,所持中,2025-11-21,"17,380円 / Hobby Box",topps.jp で購入した初Box。
266,Topps,tp,tp_2025_US_,2025,Topps Update Series,US,"Hobby, Jumbo, Blasters",,,,,,,,,,所持中,2025-11-21,"17,380円 / Hobby Box",topps.jp で購入した初Box。
267,Topps,tp,tp_2025_US_,2025,Topps Update Series,US,"Hobby, Jumbo, Blasters",,,,,,,,,,所持中,2025-11-21,"17,380円 / Hobby Box",topps.jp で購入した初Box。
268,Topps,tp,tp_2025_US_,2025,Topps Update Series,US,"Hobby, Jumbo, Blasters",,,,,,,,,,所持中,2025-11-21,"17,380円 / Hobby Box",topps.jp で購入した初Box。
269,Topps,tp,tp_2025_US_,2025,Topps Update Series,US,"Hobby, Jumbo, Blasters",,,,,,,,,,所持中,2025-11-21,"17,380円 / Hobby Box",topps.jp で購入した初Box。
270,Topps,tp,tp_2025_US_,2025,Topps Update Series,US,"Hobby, Jumbo, Blasters",,,,,,,,,,所持中,2025-11-21,"17,380円 / Hobby Box",topps.jp で購入した初Box。
271,Topps,tp,tp_2025_US_,2025,Topps Update Series,US,"Hobby, Jumbo, Blasters",,,,,,,,,,所持中,2025-11-21,"17,380円 / Hobby Box",topps.jp で購入した初Box。
272,Topps,tp,tp_2025_US_,2025,Topps Update Series,US,"Hobby, Jumbo, Blasters",,,,,,,,,,所持中,2025-11-21,"17,380円 / Hobby Box",topps.jp で購入した初Box。
273,Topps,tp,tp_2025_US_,2025,Topps Update Series,US,"Hobby, Jumbo, Blasters",,,,,,,,,,所持中,2025-11-21,"17,380円 / Hobby Box",topps.jp で購入した初Box。
274,Topps,tp,tp_2025_US_,2025,Topps Update Series,US,"Hobby, Jumbo, Blasters",,,,,,,,,,所持中,2025-11-21,"17,380円 / Hobby Box",topps.jp で購入した初Box。
275,Topps,tp,tp_2025_US_,2025,Topps Update Series,US,"Hobby, Jumbo, Blasters",,,,,,,,,,所持中,2025-11-21,"17,380円 / Hobby Box",topps.jp で購入した初Box。
276,Topps,tp,tp_2025_US_,2025,Topps Update Series,US,"Hobby, Jumbo, Blasters",,,,,,,,,,所持中,2025-11-21,"17,380円 / Hobby Box",topps.jp で購入した初Box。
277,Topps,tp,tp_2025_US_,2025,Topps Update Series,US,"Hobby, Jumbo, Blasters",,,,,,,,,,所持中,2025-11-21,"17,380円 / Hobby Box",topps.jp で購入した初Box。
278,Topps,tp,tp_2025_US_,2025,Topps Update Series,US,"Hobby, Jumbo, Blasters",,,,,,,,,,所持中,2025-11-21,"17,380円 / Hobby Box",topps.jp で購入した初Box。
279,Topps,tp,tp_2025_US_,2025,Topps Update Series,US,"Hobby, Jumbo, Blasters",,,,,,,,,,所持中,2025-11-21,"17,380円 / Hobby Box",topps.jp で購入した初Box。
280,Topps,tp,tp_2025_US_,2025,Topps Update Series,US,"Hobby, Jumbo, Blasters",,,,,,,,,,所持中,2025-11-21,"17,380円 / Hobby Box",topps.jp で購入した初Box。
281,Topps,tp,tp_2025_US_,2025,Topps Update Series,US,"Hobby, Jumbo, Blasters",,,,,,,,,,所持中,2025-11-21,"17,380円 / Hobby Box",topps.jp で購入した初Box。
282,Topps,tp,tp_2025_US_,2025,Topps Update Series,US,"Hobby, Jumbo, Blasters",,,,,,,,,,所持中,2025-11-21,"17,380円 / Hobby Box",topps.jp で購入した初Box。
283,Topps,tp,tp_2025_US_,2025,Topps Update Series,US,"Hobby, Jumbo, Blasters",,,,,,,,,,所持中,2025-11-21,"17,380円 / Hobby Box",topps.jp で購入した初Box。
284,Topps,tp,tp_2025_US_,2025,Topps Update Series,US,"Hobby, Jumbo, Blasters",,,,,,,,,,所持中,2025-11-21,"17,380円 / Hobby Box",topps.jp で購入した初Box。
285,Topps,tp,tp_2025_US_,2025,Topps Update Series,US,"Hobby, Jumbo, Blasters",,,,,,,,,,所持中,2025-11-21,"17,380円 / Hobby Box",topps.jp で購入した初Box。
286,Topps,tp,tp_2025_US_,2025,Topps Update Series,US,"Hobby, Jumbo, Blasters",,,,,,,,,,所持中,2025-11-21,"17,380円 / Hobby Box",topps.jp で購入した初Box。
287,Topps,tp,tp_2025_US_,2025,Topps Update Series,US,"Hobby, Jumbo, Blasters",,,,,,,,,,所持中,2025-11-21,"17,380円 / Hobby Box",topps.jp で購入した初Box。
288,Topps,tp,tp_2025_US_,2025,Topps Update Series,US,"Hobby, Jumbo, Blasters",,,,,,,,,,所持中,2025-11-21,"17,380円 / Hobby Box",topps.jp で購入した初Box。
289,Topps,tp,tp_2025_US_,2025,Topps Update Series,US,"Hobby, Jumbo, Blasters",,,,,,,,,,所持中,2025-11-21,"17,380円 / Hobby Box",topps.jp で購入した初Box。
,Topps,tp,tp_2025_US_,2025,Topps Update Series,US,"Hobby, Jumbo, Blasters",,,,,,,,,,,,,